NC_058368.1_100143404_100143247,308,50.97
NC_058368.1_100944920_100945064,295,52.54
NC_058368.1_10339999_10339865,285,36.49
NC_058368.1_108744_108897,304,53.29
NC_058368.1_11354751_11354850,250,32.00
NC_058368.1_113885875_113885734,292,54.79
NC_058368.1_114260154_114260058,247,43.32
NC_058368.1_114513551_114513398,304,44.41
NC_058368.1_114540234_114540317,234,44.87
NC_058368.1_1149651_1149772,272,29.41
NC_058368.1_115036438_115036639,352,52.84
NC_058368.1_116262586_116262412,325,61.23
NC_058368.1_116549380_116549488,259,59.85
NC_058368.1_121418686_121418547,290,42.76
NC_058368.1_122834981_122834852,280,55.71
NC_058368.1_123601720_123601852,283,29.68
NC_058368.1_127209649_127209560,240,50.42
NC_058368.1_132522425_132522295,281,29.18
NC_058368.1_135820738_135820895,308,34.42
NC_058368.1_139073729_139073580,300,44.33
NC_058368.1_139486900_139486810,241,40.66
NC_058368.1_141985495_141985332,314,40.13
NC_058368.1_144199406_144199290,267,31.84
NC_058368.1_1476164_1476058,257,48.25
NC_058368.1_172162181_172162292,262,40.08
NC_058368.1_172841533_172841652,270,56.67
NC_058368.1_174607086_174606873,364,51.37
NC_058368.1_176376836_176376741,246,54.47
NC_058368.1_178153059_178152976,234,44.44
NC_058368.1_186062362_186062255,258,48.84
NC_058368.1_187313362_187313448,237,42.62
NC_058368.1_187589220_187589352,283,36.75
NC_058368.1_189823176_189823285,260,36.92
NC_058368.1_192327387_192327550,314,51.27
NC_058368.1_195468379_195468549,321,55.76
NC_058368.1_195674942_195675074,283,60.42
NC_058368.1_197344342_197344427,236,56.36
NC_058368.1_209242684_209242800,267,32.96
NC_058368.1_210817187_210817016,322,32.92
NC_058368.1_211304612_211304762,301,41.86
NC_058368.1_211471101_211470951,301,55.81
NC_058368.1_211831080_211831224,295,39.66
NC_058368.1_212139249_212139419,321,45.48
NC_058368.1_218669458_218670340,1033,39.98
NC_058368.1_21920699_21920840,292,41.10
NC_058368.1_227532305_227532156,300,52.00
NC_058368.1_228160298_228160522,375,41.87
NC_058368.1_235549112_235548974,289,53.63
NC_058368.1_24429895_24429808,238,43.28
NC_058368.1_24983098_24983259,312,39.74
NC_058368.1_25016218_25016410,343,39.94
NC_058368.1_28922554_28922664,261,39.46
NC_058368.1_36138269_36138141,279,35.48
NC_058368.1_46256226_46256082,295,35.93
NC_058368.1_51189148_51189025,274,38.32
NC_058368.1_52701643_52701507,287,37.28
NC_058368.1_5720500_5720605,256,55.86
NC_058368.1_6469301_6469419,269,37.92
NC_058368.1_67355289_67355371,233,39.48
NC_058368.1_70915411_70915048,514,36.96
NC_058368.1_72123430_72123293,288,37.50
NC_058368.1_82070506_82070669,314,38.22
NC_058368.1_82335840_82335678,313,57.51
NC_058368.1_87415496_87415325,322,47.20
NC_058368.1_87866546_87866464,233,56.22
NC_058368.1_9533893_9533787,257,38.91
NC_058369.1_10170702_10170849,298,57.72
NC_058369.1_101763682_101763769,238,34.45
NC_058369.1_10331009_10330773,387,57.88
NC_058369.1_11366856_11366725,282,64.18
NC_058369.1_12296002_12295858,295,49.83
NC_058369.1_12351443_12351298,296,69.26
NC_058369.1_125610264_125610164,251,37.45
NC_058369.1_12707516_12707350,317,67.51
NC_058369.1_12937217_12937025,343,67.06
NC_058369.1_13417351_13417606,406,69.70
NC_058369.1_13565318_13565126,343,60.64
NC_058369.1_13576224_13576018,357,61.90
NC_058369.1_139601925_139601797,279,37.28
NC_058369.1_140810418_140810775,508,62.20
NC_058369.1_145194018_145193897,272,64.71
NC_058369.1_146136242_146136029,364,58.52
NC_058369.1_146400821_146400912,242,57.02
NC_058369.1_148323541_148323358,334,45.21
NC_058369.1_150665936_150665764,323,69.97
NC_058369.1_151137441_151137321,271,57.93
NC_058369.1_153033853_153033751,253,67.98
NC_058369.1_153604150_153603933,368,50.54
NC_058369.1_153610054_153609960,245,39.59
NC_058369.1_154597034_154597165,282,45.74
NC_058369.1_154668047_154667905,293,57.00
NC_058369.1_154741843_154741725,269,40.52
NC_058369.1_15557252_15557380,279,40.14
NC_058369.1_155972863_155972667,347,53.89
NC_058369.1_156879842_156880021,330,55.45
NC_058369.1_160370390_160370534,295,36.61
NC_058369.1_162310556_162310710,305,63.61
NC_058369.1_163324861_163324754,258,65.12
NC_058369.1_163474157_163473983,325,83.08
NC_058369.1_163982066_163982222,307,37.79
NC_058369.1_164652416_164652512,247,60.32
NC_058369.1_166177501_166177600,250,40.40
NC_058369.1_16867725_16867853,279,64.52
NC_058369.1_168992038_168991903,286,33.22
NC_058369.1_17668550_17668669,270,48.15
NC_058369.1_17903560_17903447,264,63.64
NC_058369.1_18290538_18290412,277,55.96
NC_058369.1_18424421_18424229,343,52.48
NC_058369.1_18757658_18757739,232,56.03
NC_058369.1_18772769_18772943,325,62.15
NC_058369.1_19071734_19071832,249,46.59
NC_058369.1_20667425_20667530,256,61.33
NC_058369.1_21289481_21289328,304,48.03
NC_058369.1_25584906_25584711,346,35.84
NC_058369.1_25635943_25635773,321,35.51
NC_058369.1_26150677_26150815,289,51.90
NC_058369.1_26186686_26186572,265,37.74
NC_058369.1_34663773_34663657,267,50.94
NC_058369.1_38388531_38388348,334,67.07
NC_058369.1_39892025_39891897,279,36.20
NC_058369.1_41294467_41294232,386,38.86
NC_058369.1_447851_448035,335,68.96
NC_058369.1_464225_464350,276,71.38
NC_058369.1_46429481_46429623,293,38.23
NC_058369.1_4653246_4653153,244,65.98
NC_058369.1_4680852_4681040,339,68.73
NC_058369.1_51356654_51356750,247,44.53
NC_058369.1_52160788_52160892,255,50.98
NC_058369.1_5259142_5259310,319,49.22
NC_058369.1_53234602_53234463,290,68.97
NC_058369.1_545161_545045,267,70.04
NC_058369.1_55439947_55439812,286,61.54
NC_058369.1_56025990_56026086,247,57.09
NC_058369.1_5784665_5784761,247,66.80
NC_058369.1_5839175_5839323,299,63.55
NC_058369.1_59677801_59677665,287,64.81
NC_058369.1_60744698_60744792,245,63.27
NC_058369.1_61784881_61784676,356,57.87
NC_058369.1_61837124_61836977,298,69.13
NC_058369.1_70155111_70155294,334,43.11
NC_058369.1_7523720_7523607,264,67.42
NC_058369.1_76537410_76537755,496,52.22
NC_058369.1_77229668_77229751,234,45.30
NC_058369.1_7771156_7771026,281,58.01
NC_058369.1_78041873_78041726,298,36.58
NC_058369.1_7950460_7950120,491,65.99
NC_058369.1_8004683_8004768,236,60.17
NC_058369.1_82002697_82002602,246,45.93
NC_058369.1_82013949_82013820,280,43.93
NC_058369.1_8392672_8392795,274,61.68
NC_058369.1_86818329_86818212,268,35.82
NC_058369.1_95565003_95565107,255,36.08
NC_058369.1_96740917_96741058,292,28.77
NC_058369.1_96820261_96820383,273,37.36
NC_058369.1_9890785_9890478,458,65.50
NC_058369.1_9932295_9932457,313,63.90
NC_058370.1_101336856_101337025,320,55.31
NC_058370.1_102895241_102895351,261,31.03
NC_058370.1_110165162_110165291,280,35.36
NC_058370.1_114045126_114044992,285,32.98
NC_058370.1_114319717_114319630,238,32.77
NC_058370.1_117837445_117837335,261,46.74
NC_058370.1_118605430_118605190,391,56.52
NC_058370.1_118752914_118752797,268,56.72
NC_058370.1_118781350_118781186,315,56.51
NC_058370.1_119454178_119453997,332,53.92
NC_058370.1_119655518_119655391,278,56.12
NC_058370.1_121606946_121606762,335,56.72
NC_058370.1_12474773_12474978,356,43.26
NC_058370.1_12517716_12517626,241,48.13
NC_058370.1_12533599_12533396,354,40.40
NC_058370.1_126794413_126794550,288,34.03
NC_058370.1_128543970_128543823,298,37.58
NC_058370.1_13235100_13235002,249,51.81
NC_058370.1_133206619_133206462,308,44.16
NC_058370.1_133559841_133559688,304,39.47
NC_058370.1_139372969_139373091,273,57.14
NC_058370.1_1849827_1849691,287,63.07
NC_058370.1_19085832_19085709,274,35.77
NC_058370.1_19453847_19453946,250,54.80
NC_058370.1_21471564_21471762,349,60.17
NC_058370.1_21760473_21760352,272,76.47
NC_058370.1_22419310_22419433,274,38.32
NC_058370.1_23588489_23588647,309,55.66
NC_058370.1_23790976_23791851,1026,60.53
NC_058370.1_24672199_24672074,276,32.61
NC_058370.1_26418463_26418299,315,50.48
NC_058370.1_26938090_26937925,316,42.72
NC_058370.1_28363054_28363204,301,67.77
NC_058370.1_29890928_29890761,318,62.26
NC_058370.1_29984314_29984167,298,40.27
NC_058370.1_30317752_30317482,421,64.85
NC_058370.1_35333473_35333624,302,47.68
NC_058370.1_42879011_42878903,259,64.86
NC_058370.1_42994873_42995020,298,52.68
NC_058370.1_43605265_43605424,310,46.45
NC_058370.1_43626728_43626815,238,42.86
NC_058370.1_48210852_48210768,235,30.21
NC_058370.1_5085464_5085606,293,47.10
NC_058370.1_60352099_60352323,375,59.20
NC_058370.1_62450613_62450712,250,56.00
NC_058370.1_64149768_64149941,324,35.49
NC_058370.1_6468989_6468908,232,56.03
NC_058370.1_66012502_66012664,313,63.26
NC_058370.1_73268078_73268275,348,58.05
NC_058370.1_73888110_73887969,292,34.25
NC_058370.1_80344236_80344122,265,36.23
NC_058370.1_86531040_86530758,433,62.12
NC_058370.1_88940940_88940805,286,43.36
NC_058370.1_89334434_89334625,342,56.73
NC_058370.1_89967209_89967330,272,36.03
NC_058370.1_89968395_89968599,355,41.41
NC_058370.1_90408651_90408558,244,44.26
NC_058370.1_90791071_90791223,303,58.42
NC_058370.1_99326700_99326838,289,43.60
NC_058370.1_99433651_99433773,273,33.70
NC_058371.1_102216980_102217245,416,39.42
NC_058371.1_112583843_112583688,306,41.83
NC_058371.1_122460454_122460370,235,32.34
NC_058371.1_125731483_125731627,295,51.19
NC_058371.1_132589124_132588845,430,42.79
NC_058371.1_135629679_135629907,379,46.97
NC_058371.1_13696950_13697078,279,77.78
NC_058371.1_137128970_137129095,276,47.10
NC_058371.1_141157484_141157390,245,35.51
NC_058371.1_141223985_141223868,268,49.25
NC_058371.1_141229028_141228920,259,39.77
NC_058371.1_146726603_146726687,235,38.30
NC_058371.1_15689526_15689430,247,56.68
NC_058371.1_159647677_159647501,327,42.81
NC_058371.1_159897821_159897630,342,49.42
NC_058371.1_163937295_163937392,248,38.71
NC_058371.1_167677431_167677547,267,32.96
NC_058371.1_172641947_172642217,421,32.54
NC_058371.1_193668972_193668794,329,48.63
NC_058371.1_198862232_198862116,267,54.31
NC_058371.1_200175088_200174836,403,61.29
NC_058371.1_202039294_202039394,251,66.53
NC_058371.1_202215790_202215976,337,64.69
NC_058371.1_203118648_203118508,291,54.30
NC_058371.1_203186611_203186473,289,52.25
NC_058371.1_204372728_204372567,312,59.62
NC_058371.1_204967995_204968144,300,63.67
NC_058371.1_205045918_205046029,262,66.03
NC_058371.1_26283248_26282980,419,52.74
NC_058371.1_33795926_33795845,232,46.55
NC_058371.1_34367001_34367213,363,56.75
NC_058371.1_34668670_34668441,380,52.89
NC_058371.1_35713563_35713422,292,42.12
NC_058371.1_35829383_35829258,276,60.87
NC_058371.1_39283663_39283373,441,51.25
NC_058371.1_42852374_42852489,266,26.32
NC_058371.1_44469047_44469218,322,44.10
NC_058371.1_44512337_44512242,246,32.52
NC_058371.1_49059489_49059621,283,37.81
NC_058371.1_51638112_51637874,389,72.75
NC_058371.1_52230961_52231143,333,62.46
NC_058371.1_52777907_52778006,250,71.20
NC_058371.1_58863239_58863323,235,44.26
NC_058371.1_59209804_59209915,262,46.95
NC_058371.1_59992316_59992459,294,40.14
NC_058371.1_66457927_66458046,270,33.33
NC_058371.1_72987563_72988285,873,47.77
NC_058371.1_76954589_76954730,292,34.59
NC_058371.1_7836130_7836002,279,39.78
NC_058371.1_84931239_84931134,256,36.33
NC_058371.1_85240772_85240983,362,51.10
NC_058371.1_86332046_86331964,233,42.49
NC_058371.1_86490826_86490944,269,37.17
NC_058371.1_87657076_87657226,301,44.85
NC_058372.1_100728634_100728500,285,42.81
NC_058372.1_106809669_106809586,234,36.75
NC_058372.1_106888716_106888596,271,33.58
NC_058372.1_113466424_113466550,277,53.43
NC_058372.1_11561122_11561251,280,37.86
NC_058372.1_118395328_118395196,283,33.57
NC_058372.1_118403363_118403192,322,40.68
NC_058372.1_120647667_120647544,274,48.91
NC_058372.1_121872305_121872172,284,36.27
NC_058372.1_124851719_124851848,280,41.79
NC_058372.1_127791414_127791560,297,44.11
NC_058372.1_129204197_129204365,319,37.62
NC_058372.1_134544290_134544132,309,43.37
NC_058372.1_136090406_136090535,280,42.50
NC_058372.1_136832351_136832174,328,43.60
NC_058372.1_136930159_136929950,360,44.72
NC_058372.1_136982225_136982046,330,46.67
NC_058372.1_144100880_144101020,291,78.69
NC_058372.1_149577562_149577332,381,54.33
NC_058372.1_15032631_15032769,289,44.29
NC_058372.1_151220747_151220588,310,34.52
NC_058372.1_17015897_17016013,267,50.56
NC_058372.1_17717027_17716925,253,50.99
NC_058372.1_20981424_20981259,316,36.08
NC_058372.1_21019696_21019541,306,47.71
NC_058372.1_23566109_23566205,247,32.39
NC_058372.1_29317080_29316873,358,65.92
NC_058372.1_3008534_3008661,278,48.56
NC_058372.1_30114521_30114629,259,54.44
NC_058372.1_30359536_30359422,265,51.32
NC_058372.1_30471443_30471534,242,53.31
NC_058372.1_30548670_30548553,268,60.45
NC_058372.1_30602636_30602516,271,62.36
NC_058372.1_30762054_30762161,258,58.91
NC_058372.1_30817724_30817400,475,61.26
NC_058372.1_30889213_30888674,690,70.72
NC_058372.1_32080855_32080770,236,61.02
NC_058372.1_33982004_33982108,255,58.43
NC_058372.1_35190229_35190325,247,63.97
NC_058372.1_35210487_35211546,1210,67.93
NC_058372.1_3560608_3560260,499,56.51
NC_058372.1_3678041_3677660,532,58.65
NC_058372.1_37216884_37217046,313,42.81
NC_058372.1_39909320_39908405,1066,66.89
NC_058372.1_39925128_39925256,279,63.08
NC_058372.1_4027047_4026841,357,49.86
NC_058372.1_40944271_40944393,273,60.81
NC_058372.1_42015803_42015894,242,61.98
NC_058372.1_53650398_53650278,271,35.79
NC_058372.1_5540415_5540718,454,52.20
NC_058372.1_63884242_63884093,300,37.33
NC_058372.1_66161214_66161356,293,36.86
NC_058372.1_66310274_66310120,305,37.05
NC_058372.1_74484371_74484561,341,45.45
NC_058372.1_75468434_75468270,315,30.79
NC_058372.1_90348153_90348066,238,26.89
NC_058372.1_94670467_94670333,285,31.23
NC_058372.1_98419687_98419466,372,31.99
NC_058372.1_99740643_99740980,488,75.00
NC_058373.1_102571516_102571424,243,42.80
NC_058373.1_103675279_103675567,439,47.38
NC_058373.1_105035200_105035308,259,40.54
NC_058373.1_105398004_105398160,307,41.04
NC_058373.1_110342621_110342431,341,56.60
NC_058373.1_110818992_110819082,241,63.49
NC_058373.1_116009589_116009772,334,51.50
NC_058373.1_118149716_118149800,235,32.77
NC_058373.1_118164849_118164948,250,32.00
NC_058373.1_119566936_119566814,273,47.62
NC_058373.1_119946124_119945962,313,47.92
NC_058373.1_122037682_122037855,324,57.72
NC_058373.1_131439182_131439092,241,33.61
NC_058373.1_134698481_134698362,270,44.44
NC_058373.1_138846780_138846891,262,43.51
NC_058373.1_144052712_144053006,445,80.67
NC_058373.1_146238736_146239186,601,73.88
NC_058373.1_146599934_146600102,319,72.41
NC_058373.1_18607767_18607609,309,52.43
NC_058373.1_27545320_27545187,284,41.20
NC_058373.1_29263858_29263620,389,45.24
NC_058373.1_2997388_2997236,303,58.09
NC_058373.1_31353932_31353526,557,63.73
NC_058373.1_31361384_31361284,251,64.54
NC_058373.1_31774232_31774364,283,59.72
NC_058373.1_3187705_3187620,236,42.37
NC_058373.1_32269105_32268970,286,61.89
NC_058373.1_33567353_33567564,362,55.80
NC_058373.1_36087583_36087440,294,52.72
NC_058373.1_36773501_36773323,329,56.53
NC_058373.1_37018261_37018373,263,55.89
NC_058373.1_37088241_37088384,294,60.88
NC_058373.1_37089767_37089878,262,65.27
NC_058373.1_37197972_37198113,292,61.64
NC_058373.1_39494052_39494228,327,36.09
NC_058373.1_40301668_40301758,241,42.74
NC_058373.1_4258438_4258722,435,71.95
NC_058373.1_45998632_45998782,301,32.89
NC_058373.1_50567699_50567186,664,68.83
NC_058373.1_52254804_52254950,297,35.69
NC_058373.1_52503278_52503161,268,32.84
NC_058373.1_52639538_52639717,330,35.15
NC_058373.1_53134052_53133942,261,37.16
NC_058373.1_53552510_53552286,375,33.07
NC_058373.1_54646364_54646478,265,32.08
NC_058373.1_54660746_54660844,249,34.94
NC_058373.1_55535779_55535623,307,38.11
NC_058373.1_61339478_61339366,263,36.12
NC_058373.1_61597376_61597274,253,58.89
NC_058373.1_61845388_61845516,279,41.94
NC_058373.1_62204049_62203927,273,56.41
NC_058373.1_62292761_62292669,243,36.63
NC_058373.1_62422689_62422940,402,42.04
NC_058373.1_67703309_67703451,293,37.54
NC_058373.1_69471007_69470913,245,35.10
NC_058373.1_71258727_71258887,311,42.44
NC_058373.1_71804439_71804671,383,61.36
NC_058373.1_73366773_73366938,316,48.73
NC_058373.1_73422927_73423262,486,60.91
NC_058373.1_73500741_73500644,248,49.60
NC_058373.1_73627747_73627435,463,62.85
NC_058373.1_73996398_73996194,355,58.87
NC_058373.1_74005716_74005337,530,73.02
NC_058373.1_74266697_74266812,266,53.01
NC_058373.1_74272795_74272905,261,62.84
NC_058373.1_74337630_74337896,417,64.99
NC_058373.1_74727585_74727434,302,52.65
NC_058373.1_817843_817733,261,63.60
NC_058373.1_98139304_98139552,399,45.11
NC_058374.1_103054699_103054577,273,32.97
NC_058374.1_103849969_103850470,652,59.66
NC_058374.1_107858058_107858187,280,36.43
NC_058374.1_11734248_11734352,255,67.84
NC_058374.1_117574045_117574189,295,34.24
NC_058374.1_117766455_117766561,257,28.79
NC_058374.1_121431811_121431933,273,41.03
NC_058374.1_123671017_123671151,285,41.40
NC_058374.1_124130945_124131130,336,43.75
NC_058374.1_124981601_124981728,278,32.37
NC_058374.1_127185731_127185853,273,38.10
NC_058374.1_129625125_129625246,272,65.81
NC_058374.1_131793683_131793812,280,60.71
NC_058374.1_132103600_132103489,262,40.46
NC_058374.1_132391658_132391429,380,63.95
NC_058374.1_132697109_132696916,344,60.17
NC_058374.1_133558095_133558191,247,56.28
NC_058374.1_133671130_133671326,347,63.11
NC_058374.1_136067797_136067624,324,65.43
NC_058374.1_138492231_138492600,520,55.38
NC_058374.1_141217715_141217558,308,57.47
NC_058374.1_141796929_141797015,237,67.93
NC_058374.1_141823238_141823124,265,64.53
NC_058374.1_141858160_141857991,320,67.19
NC_058374.1_18194769_18194867,249,37.75
NC_058374.1_18637896_18638025,280,40.36
NC_058374.1_19787353_19787176,328,49.09
NC_058374.1_21877700_21877863,314,37.90
NC_058374.1_26668877_26669091,365,37.53
NC_058374.1_30254332_30254176,307,37.79
NC_058374.1_3355038_3354935,254,64.96
NC_058374.1_37765009_37765230,372,43.82
NC_058374.1_41528072_41528192,271,62.73
NC_058374.1_43445636_43445864,379,50.92
NC_058374.1_44442766_44442886,271,47.23
NC_058374.1_51928140_51928277,288,36.46
NC_058374.1_53918415_53918540,276,38.41
NC_058374.1_56966855_56966551,455,49.45
NC_058374.1_62696715_62696633,233,34.76
NC_058374.1_64986485_64986662,328,42.38
NC_058374.1_72058723_72058549,325,40.31
NC_058374.1_75711583_75711706,274,44.16
NC_058374.1_76780837_76780756,232,43.10
NC_058374.1_77569203_77569472,420,32.38
NC_058374.1_77919233_77919101,283,51.94
NC_058374.1_79388743_79388623,271,60.52
NC_058374.1_79770380_79770162,369,56.91
NC_058374.1_81707164_81708103,1090,38.35
NC_058374.1_82397452_82397324,279,46.95
NC_058374.1_82503219_82503335,267,50.94
NC_058374.1_83028046_83027894,303,52.81
NC_058374.1_83360434_83361580,1297,60.91
NC_058374.1_83448929_83449062,284,59.51
NC_058374.1_83774755_83774951,347,56.48
NC_058374.1_84054973_84055096,274,44.89
NC_058374.1_93227742_93227598,295,55.59
NC_058374.1_93801683_93801523,311,50.48
NC_058374.1_96065170_96065048,273,32.97
NC_058374.1_99966103_99966013,241,26.56
NC_058375.1_102952962_102952747,366,52.19
NC_058375.1_104107561_104107711,301,45.51
NC_058375.1_105983045_105983134,240,46.67
NC_058375.1_111518344_111518480,287,55.40
NC_058375.1_111592886_111593003,268,49.25
NC_058375.1_11671079_11670795,435,65.29
NC_058375.1_117324594_117324312,433,64.20
NC_058375.1_126082364_126082267,248,43.95
NC_058375.1_13084988_13085101,264,57.58
NC_058375.1_131668312_131668218,245,35.92
NC_058375.1_131704207_131704084,274,28.47
NC_058375.1_131731292_131731163,280,48.57
NC_058375.1_142067801_142067702,250,46.40
NC_058375.1_147448835_147448571,415,48.19
NC_058375.1_148198869_148199001,283,38.87
NC_058375.1_148298486_148298683,348,53.16
NC_058375.1_149338417_149338300,268,27.61
NC_058375.1_151739204_151739048,307,35.18
NC_058375.1_157996917_157996809,259,42.86
NC_058375.1_158668190_158668277,238,25.63
NC_058375.1_159630241_159630129,263,39.54
NC_058375.1_159929515_159929144,522,34.10
NC_058375.1_16191992_16192097,256,35.94
NC_058375.1_162709248_162709092,307,39.41
NC_058375.1_166405294_166405199,246,33.74
NC_058375.1_166612476_166612389,238,39.92
NC_058375.1_166688664_166688385,430,50.00
NC_058375.1_166832022_166831842,331,37.16
NC_058375.1_16929360_16929469,260,59.23
NC_058375.1_169880683_169880542,292,33.90
NC_058375.1_170570559_170570442,268,35.07
NC_058375.1_17300429_17300310,270,36.30
NC_058375.1_173873820_173873928,259,34.75
NC_058375.1_175843255_175843354,250,51.20
NC_058375.1_177742193_177742007,337,43.62
NC_058375.1_177819120_177818961,310,40.00
NC_058375.1_178161734_178161858,275,41.82
NC_058375.1_178400070_178400161,242,58.26
NC_058375.1_182251010_182250882,279,32.97
NC_058375.1_187102399_187102553,305,39.34
NC_058375.1_187545158_187545064,245,31.84
NC_058375.1_1885316_1885470,305,69.18
NC_058375.1_188812310_188812402,243,38.27
NC_058375.1_188953496_188953613,268,35.07
NC_058375.1_189216258_189216159,250,54.40
NC_058375.1_189468070_189468199,280,55.71
NC_058375.1_191570255_191570121,285,39.30
NC_058375.1_19209026_19209107,232,61.21
NC_058375.1_192998330_192998202,279,46.24
NC_058375.1_194933840_194933963,274,41.97
NC_058375.1_1960844_1960715,280,76.07
NC_058375.1_200856515_200856972,608,78.78
NC_058375.1_202252739_202252655,235,58.30
NC_058375.1_202642133_202642325,343,56.27
NC_058375.1_203085142_203085000,293,52.56
NC_058375.1_203159848_203159751,248,59.27
NC_058375.1_203163061_203162947,265,54.34
NC_058375.1_203424566_203424797,382,62.04
NC_058375.1_203443440_203443606,317,64.35
NC_058375.1_203445134_203445361,378,69.58
NC_058375.1_212233517_212233613,247,62.75
NC_058375.1_213027734_213027878,295,32.54
NC_058375.1_213086406_213086523,268,37.31
NC_058375.1_214163381_214163484,254,67.32
NC_058375.1_214962237_214962372,286,60.14
NC_058375.1_214962696_214962848,303,64.36
NC_058375.1_216131744_216131862,269,57.25
NC_058375.1_23906121_23906004,268,70.90
NC_058375.1_24028373_24028213,311,63.67
NC_058375.1_24241324_24241451,278,54.68
NC_058375.1_24404646_24404778,283,54.42
NC_058375.1_27904211_27904306,246,60.57
NC_058375.1_28374024_28373766,409,66.50
NC_058375.1_29001701_29001516,336,44.05
NC_058375.1_29147273_29146594,830,65.30
NC_058375.1_29231429_29231313,267,43.82
NC_058375.1_33216654_33216780,277,30.32
NC_058375.1_33445797_33446136,490,67.14
NC_058375.1_34473343_34473433,241,59.34
NC_058375.1_35273817_35273934,268,57.46
NC_058375.1_36067249_36067103,297,61.62
NC_058375.1_38488437_38488274,314,57.64
NC_058375.1_40593636_40593441,346,38.44
NC_058375.1_4203830_4203962,283,69.96
NC_058375.1_42764229_42764316,238,31.93
NC_058375.1_44290530_44290647,268,67.91
NC_058375.1_45977106_45976991,266,50.00
NC_058375.1_47659983_47659754,380,33.16
NC_058375.1_51016465_51016264,352,59.66
NC_058375.1_53229625_53229774,300,39.00
NC_058375.1_53471731_53471623,259,33.98
NC_058375.1_53484070_53483982,239,56.90
NC_058375.1_55304683_55304543,291,28.52
NC_058375.1_56025742_56025649,244,45.90
NC_058375.1_5752661_5752754,244,47.13
NC_058375.1_58208633_58208750,268,38.43
NC_058375.1_58223259_58223158,252,30.56
NC_058375.1_66112910_66112818,243,30.45
NC_058375.1_6835857_6835694,314,56.05
NC_058375.1_71562945_71562810,286,33.57
NC_058375.1_75432639_75432445,345,45.22
NC_058375.1_79480113_79480001,263,47.15
NC_058375.1_79910725_79910484,392,46.68
NC_058375.1_814396_814294,253,62.85
NC_058375.1_85460673_85460501,323,31.58
NC_058375.1_85491265_85491698,584,41.78
NC_058375.1_85598984_85599128,295,43.39
NC_058375.1_8782131_8782388,408,59.56
NC_058375.1_92679025_92679180,306,38.89
NC_058375.1_92895071_92894944,278,37.05
NC_058375.1_94995749_94995650,250,59.20
NC_058375.1_96227652_96227446,357,42.58
NC_058375.1_96958771_96958866,246,38.21
NC_058375.1_97235546_97235433,264,64.02
NC_058376.1_104938501_104938634,284,53.52
NC_058376.1_110130825_110130664,312,37.18
NC_058376.1_11725987_11726200,364,37.36
NC_058376.1_121453181_121453073,259,34.36
NC_058376.1_124327647_124327744,248,35.48
NC_058376.1_124480175_124480263,239,31.38
NC_058376.1_124543579_124543408,322,57.76
NC_058376.1_125886397_125886254,294,54.08
NC_058376.1_128613370_128613491,272,65.07
NC_058376.1_131070747_131070567,331,55.29
NC_058376.1_134122448_134122341,258,36.43
NC_058376.1_135177057_135176846,362,50.00
NC_058376.1_140116376_140116643,418,41.39
NC_058376.1_141795072_141794910,313,33.55
NC_058376.1_14283218_14283488,421,49.88
NC_058376.1_143292808_143292720,239,35.56
NC_058376.1_150585777_150585633,295,63.39
NC_058376.1_152089247_152089131,267,61.05
NC_058376.1_153740356_153740151,356,53.37
NC_058376.1_156858751_156858647,255,37.65
NC_058376.1_157513417_157513572,306,48.37
NC_058376.1_18814067_18814214,298,47.99
NC_058376.1_2337722_2337613,260,61.54
NC_058376.1_25640710_25640623,238,31.93
NC_058376.1_27641723_27641599,275,30.91
NC_058376.1_29007873_29008087,365,36.16
NC_058376.1_3165981_3166066,236,69.49
NC_058376.1_34613695_34613584,262,28.63
NC_058376.1_367033_366878,306,59.80
NC_058376.1_40580673_40580862,340,67.35
NC_058376.1_45538559_45538685,277,33.94
NC_058376.1_46676592_46676679,238,33.19
NC_058376.1_49058327_49058205,273,27.84
NC_058376.1_55504024_55504152,279,31.18
NC_058376.1_58398965_58399103,289,37.02
NC_058376.1_59690478_59690303,326,30.37
NC_058376.1_67536758_67536626,283,56.89
NC_058376.1_68233481_68233575,245,31.84
NC_058376.1_70866026_70865876,301,32.89
NC_058376.1_71501151_71501049,253,52.96
NC_058376.1_71509618_71509462,307,48.86
NC_058376.1_73348396_73348544,299,57.86
NC_058376.1_73413036_73413169,284,52.46
NC_058376.1_78110349_78110220,280,33.21
NC_058376.1_81291956_81292086,281,56.94
NC_058376.1_81817416_81817278,289,46.02
NC_058376.1_82862990_82862807,334,53.89
NC_058376.1_82879978_82879867,262,62.21
NC_058376.1_82916715_82916634,232,58.19
NC_058376.1_83254704_83254816,263,44.11
NC_058376.1_83295889_83295712,328,45.73
NC_058376.1_9264900_9264215,836,59.81
NC_058376.1_98003747_98003924,328,34.45
NC_058377.1_10117981_10118169,339,40.41
NC_058377.1_104270328_104270484,307,49.51
NC_058377.1_104892683_104892783,251,80.88
NC_058377.1_105803121_105802995,277,54.87
NC_058377.1_106164989_106164899,241,51.87
NC_058377.1_106317115_106317026,240,57.92
NC_058377.1_107070638_107070771,284,58.80
NC_058377.1_107661279_107661088,342,62.87
NC_058377.1_107717512_107716776,887,77.00
NC_058377.1_108031328_108031228,251,60.56
NC_058377.1_108076903_108076771,283,64.31
NC_058377.1_108427689_108427812,274,60.58
NC_058377.1_108451100_108450994,257,68.87
NC_058377.1_108557224_108557119,256,61.33
NC_058377.1_108713942_108714053,262,61.45
NC_058377.1_108795969_108796059,241,69.29
NC_058377.1_109066324_109066555,382,70.16
NC_058377.1_110112838_110112574,415,69.16
NC_058377.1_110122843_110122628,366,65.85
NC_058377.1_110233798_110233489,460,59.57
NC_058377.1_110304630_110304730,251,63.75
NC_058377.1_110318666_110318887,372,77.15
NC_058377.1_112740752_112740641,262,59.16
NC_058377.1_113862038_113861945,244,61.07
NC_058377.1_114446703_114446521,333,62.76
NC_058377.1_114574293_114574141,303,68.32
NC_058377.1_114828324_114828568,395,69.11
NC_058377.1_115008011_115008208,348,74.14
NC_058377.1_115140432_115140239,344,68.02
NC_058377.1_1435958_1435824,285,41.40
NC_058377.1_14638705_14638572,284,56.34
NC_058377.1_15219047_15218877,321,56.39
NC_058377.1_16008907_16009060,304,39.14
NC_058377.1_17817810_17817925,266,37.22
NC_058377.1_22901924_22901683,392,43.11
NC_058377.1_3164728_3164618,261,41.00
NC_058377.1_32156326_32155928,549,42.08
NC_058377.1_33147179_33147077,253,29.25
NC_058377.1_43377493_43377395,249,52.21
NC_058377.1_54476809_54476969,311,46.95
NC_058377.1_54565407_54565499,243,34.57
NC_058377.1_54676798_54677361,714,48.18
NC_058377.1_56818422_56818541,270,57.41
NC_058377.1_59183428_59183534,257,54.86
NC_058377.1_59567746_59567657,240,57.50
NC_058377.1_63324975_63324743,383,64.49
NC_058377.1_65482105_65481995,261,57.47
NC_058377.1_6775700_6775612,239,34.73
NC_058377.1_74354163_74354289,277,39.35
NC_058377.1_74811174_74811313,290,47.24
NC_058377.1_74861504_74861321,334,46.41
NC_058377.1_77649536_77649652,267,36.33
NC_058377.1_82665063_82664905,309,39.48
NC_058377.1_88977699_88977798,250,44.80
NC_058377.1_96418784_96418901,268,52.99
NC_058377.1_97974853_97975056,354,55.37
NC_058377.1_98700632_98700726,245,44.90
NC_058377.1_98808109_98807969,291,41.58
NC_058377.1_99266518_99266322,347,65.99
NC_058377.1_99474801_99474921,271,50.18
NC_058378.1_12194432_12194345,238,37.39
NC_058378.1_12196388_12196273,266,56.02
NC_058378.1_12326743_12326927,335,41.79
NC_058378.1_12989267_12989358,242,41.32
NC_058378.1_14210506_14210606,251,35.06
NC_058378.1_21960500_21960376,275,46.91
NC_058378.1_31411212_31411315,254,62.20
NC_058378.1_31420977_31421094,268,70.15
NC_058378.1_31577985_31578096,262,54.58
NC_058378.1_33942183_33942057,277,33.94
NC_058378.1_34433391_34433532,292,52.05
NC_058378.1_37047484_37047353,282,51.42
NC_058378.1_39641529_39641906,528,61.55
NC_058378.1_43908861_43908432,580,60.52
NC_058378.1_46631075_46631237,313,52.72
NC_058378.1_49788101_49787842,410,62.44
NC_058378.1_51634792_51634918,277,36.82
NC_058378.1_54302993_54302817,327,36.09
NC_058378.1_54317690_54317839,300,65.33
NC_058378.1_54719000_54718827,324,48.77
NC_058378.1_55559750_55559536,365,60.55
NC_058378.1_56143328_56143184,295,68.81
NC_058378.1_56670176_56670276,251,47.01
NC_058378.1_59899327_59899417,241,32.78
NC_058378.1_60180159_60179545,765,42.48
NC_058378.1_60659674_60659880,357,54.62
NC_058378.1_60892397_60892513,267,60.30
NC_058378.1_61880905_61880824,232,52.16
NC_058378.1_62483385_62483547,313,37.06
NC_058378.1_73194709_73194844,286,62.24
NC_058378.1_73767292_73767382,241,64.32
NC_058378.1_76949531_76949640,260,33.85
NC_058378.1_78594362_78594704,493,64.71
NC_058378.1_81449941_81449833,259,50.58
NC_058378.1_8415007_8414845,313,67.41
NC_058378.1_86046489_86046342,298,46.64
NC_058378.1_86496449_86496342,258,61.63
NC_058378.1_87146520_87146343,328,62.20
NC_058378.1_9199194_9199358,315,32.38
NC_058379.1_1050210_1049958,403,74.69
NC_058379.1_10714578_10714800,373,75.60
NC_058379.1_1214706_1214579,278,69.78
NC_058379.1_15860307_15860398,242,49.17
NC_058379.1_16450350_16450038,463,67.17
NC_058379.1_17852371_17852176,346,44.51
NC_058379.1_18969045_18969133,239,52.30
NC_058379.1_19219564_19219450,265,58.49
NC_058379.1_19225569_19225376,344,63.08
NC_058379.1_21868291_21868186,256,55.47
NC_058379.1_22834730_22834619,262,51.15
NC_058379.1_23260239_23260386,298,47.32
NC_058379.1_23651782_23651650,283,54.06
NC_058379.1_25917844_25917977,284,63.73
NC_058379.1_27901392_27901555,314,62.42
NC_058379.1_28458455_28458587,283,50.18
NC_058379.1_28562286_28562409,274,63.50
NC_058379.1_32443386_32443302,235,66.81
NC_058379.1_35216469_35216326,294,32.65
NC_058379.1_35301409_35301292,268,37.31
NC_058379.1_38731168_38731273,256,43.36
NC_058379.1_43204562_43204662,251,35.06
NC_058379.1_44193603_44193760,308,42.86
NC_058379.1_44480851_44480738,264,42.05
NC_058379.1_53554131_53553977,305,31.15
NC_058379.1_5686264_5686443,330,66.97
NC_058379.1_57851164_57851357,344,43.31
NC_058379.1_592880_593065,336,54.17
NC_058379.1_62636359_62636455,247,29.96
NC_058379.1_66838923_66838830,244,59.43
NC_058379.1_7061647_7061556,242,42.98
NC_058379.1_7372247_7372379,283,40.99
NC_058379.1_7488926_7488513,564,71.99
NC_058379.1_75722758_75722863,256,45.70
NC_058379.1_7582848_7582653,346,40.46
NC_058379.1_76893114_76893246,283,44.17
NC_058379.1_76918185_76918307,273,43.59
NC_058379.1_77419969_77420082,264,40.15
NC_058379.1_80073747_80073844,248,32.26
NC_058379.1_8568426_8568549,274,36.13
NC_058379.1_8596097_8595917,331,41.99
NC_058379.1_9954488_9954282,357,59.38
NC_058380.1_11669033_11669171,289,46.37
NC_058380.1_14701502_14701351,302,39.40
NC_058380.1_1568601_1568743,293,69.28
NC_058380.1_25458806_25458680,277,42.96
NC_058380.1_26558506_26558418,239,33.05
NC_058380.1_28698905_28698785,271,47.60
NC_058380.1_29234804_29234629,326,54.60
NC_058380.1_29379811_29379646,316,43.67
NC_058380.1_29577236_29577098,289,53.98
NC_058380.1_50247313_50246799,665,30.38
NC_058380.1_5344041_5344169,279,52.33
NC_058380.1_56845549_56845389,311,53.38
NC_058380.1_57495158_57495057,252,50.79
NC_058380.1_57529399_57529578,330,57.88
NC_058380.1_57732645_57732782,288,38.19
NC_058380.1_57798208_57798312,255,64.71
NC_058380.1_60473432_60473699,418,55.98
NC_058380.1_62103468_62103694,377,33.42
NC_058380.1_63454542_63454661,270,45.19
NC_058380.1_69603687_69603563,275,33.82
NC_058380.1_70700848_70701074,377,43.24
NC_058380.1_73412695_73412846,302,41.06
NC_058380.1_74201636_74201744,259,62.16
NC_058380.1_80092204_80092074,281,41.28
NC_058380.1_82444146_82444286,291,76.63
NC_058380.1_83734397_83734478,232,57.76
NC_058380.1_83972422_83972280,293,34.47
NC_058380.1_88179875_88179965,241,37.34
NC_058380.1_88312453_88312612,310,67.10
NC_058380.1_88588054_88588153,250,63.60
NC_058380.1_89251508_89251636,279,66.67
NC_058380.1_90780899_90780771,279,56.99
NC_058380.1_91205941_91206065,275,62.18
NC_058380.1_92086400_92086484,235,68.94
NC_058380.1_92432233_92432069,315,71.43
NC_058380.1_92434592_92434428,315,66.98
NC_058380.1_92502454_92502661,358,73.74
NC_058380.1_92562266_92562158,259,66.80
NC_058380.1_94622902_94622818,235,62.55
NC_058380.1_94628124_94627952,323,62.23
NC_058381.1_10773462_10773559,248,64.92
NC_058381.1_11435290_11435388,249,55.42
NC_058381.1_13240049_13240130,232,60.34
NC_058381.1_13605506_13605412,245,37.55
NC_058381.1_13797785_13798733,1099,50.50
NC_058381.1_14555599_14555474,276,61.23
NC_058381.1_1461942_1462041,250,52.40
NC_058381.1_15182572_15182775,354,55.93
NC_058381.1_15930993_15931334,492,65.45
NC_058381.1_17206651_17206773,273,37.36
NC_058381.1_17588598_17588450,299,44.15
NC_058381.1_18094583_18094465,269,47.21
NC_058381.1_1820045_1819961,235,59.15
NC_058381.1_18496477_18496347,281,37.01
NC_058381.1_19901568_19901410,309,41.42
NC_058381.1_20378037_20378208,322,37.58
NC_058381.1_2038146_2038288,293,56.66
NC_058381.1_2137584_2137467,268,69.40
NC_058381.1_2222852_2222977,276,63.41
NC_058381.1_22811637_22811487,301,74.75
NC_058381.1_2471396_2471809,564,65.07
NC_058381.1_25378992_25378902,241,29.88
NC_058381.1_25549008_25549092,235,58.30
NC_058381.1_269475_269374,252,29.37
NC_058381.1_27365920_27365788,283,33.92
NC_058381.1_28566505_28566298,358,53.07
NC_058381.1_3219035_3218822,364,62.64
NC_058381.1_34556762_34556881,270,48.89
NC_058381.1_35036295_35036168,278,61.51
NC_058381.1_36362743_36362882,290,52.76
NC_058381.1_36377837_36377725,263,60.84
NC_058381.1_37784187_37784343,307,63.19
NC_058381.1_38511448_38511588,291,35.74
NC_058381.1_40209294_40209168,277,64.98
NC_058381.1_40325586_40325460,277,64.62
NC_058381.1_40581657_40581522,286,67.83
NC_058381.1_40794243_40794034,360,66.94
NC_058381.1_40802193_40802099,245,51.43
NC_058381.1_4082584_4082701,268,53.36
NC_058381.1_40950250_40950345,246,62.20
NC_058381.1_41456125_41455994,282,54.26
NC_058381.1_42200320_42200595,426,67.14
NC_058381.1_42261206_42261091,266,68.42
NC_058381.1_42822507_42822676,320,67.81
NC_058381.1_43230683_43230430,404,66.34
NC_058381.1_44594615_44594502,264,60.98
NC_058381.1_45159613_45159718,256,37.89
NC_058381.1_45730142_45730022,271,42.80
NC_058381.1_46696217_46696068,300,60.00
NC_058381.1_4690560_4690251,460,44.78
NC_058381.1_47166499_47166384,266,36.47
NC_058381.1_47449271_47449141,281,30.96
NC_058381.1_48070612_48070946,485,38.35
NC_058381.1_50265305_50265185,271,40.59
NC_058381.1_50278982_50278813,320,42.19
NC_058381.1_50808865_50808993,279,54.84
NC_058381.1_54107119_54107016,254,62.99
NC_058381.1_54814073_54814297,375,56.53
NC_058381.1_55328795_55328889,245,57.14
NC_058381.1_55898449_55898347,253,65.61
NC_058381.1_55942836_55942999,314,68.15
NC_058381.1_56140975_56141185,361,63.71
NC_058381.1_56361197_56361322,276,59.42
NC_058381.1_56686547_56686446,252,69.84
NC_058381.1_56993263_56993428,316,61.08
NC_058381.1_57971472_57971610,289,69.55
NC_058381.1_58110637_58110457,331,62.84
NC_058381.1_58116658_58116509,300,61.33
NC_058381.1_58123432_58123227,356,64.04
NC_058381.1_58167187_58166938,400,62.50
NC_058381.1_58246934_58246775,310,52.26
NC_058381.1_5937040_5937160,271,54.61
NC_058381.1_59548266_59548379,264,67.05
NC_058381.1_60078165_60077979,337,76.26
NC_058381.1_60359266_60359403,288,77.08
NC_058381.1_629723_629612,262,63.36
NC_058381.1_934156_934336,331,64.35
NC_058382.1_10720849_10720706,294,75.17
NC_058382.1_11276754_11276652,253,68.77
NC_058382.1_11643523_11643386,288,61.46
NC_058382.1_12855560_12855673,264,55.30
NC_058382.1_13213066_13213269,354,61.58
NC_058382.1_13257593_13257842,400,66.00
NC_058382.1_13285339_13285029,461,61.39
NC_058382.1_14036004_14035896,259,52.90
NC_058382.1_14420729_14420630,250,55.60
NC_058382.1_14870641_14870437,355,69.30
NC_058382.1_15087923_15088055,283,68.90
NC_058382.1_15277624_15277543,232,64.66
NC_058382.1_15294518_15294627,260,60.77
NC_058382.1_15332912_15332823,240,58.75
NC_058382.1_15407989_15407895,245,60.00
NC_058382.1_17384661_17384774,264,64.77
NC_058382.1_17444430_17444308,273,57.51
NC_058382.1_17452723_17452585,289,43.94
NC_058382.1_19892114_19891871,394,42.89
NC_058382.1_23420530_23420923,544,50.18
NC_058382.1_25013601_25013418,334,35.33
NC_058382.1_26466903_26466804,250,45.20
NC_058382.1_26751064_26750967,248,44.76
NC_058382.1_28124450_28124541,242,47.52
NC_058382.1_28669766_28669872,257,32.68
NC_058382.1_3034747_3034432,466,65.67
NC_058382.1_30977788_30977899,262,30.92
NC_058382.1_31108146_31108038,259,37.45
NC_058382.1_31824738_31824471,418,77.75
NC_058382.1_3207083_3206947,287,73.52
NC_058382.1_33641455_33641584,280,49.29
NC_058382.1_34056171_34056261,241,53.11
NC_058382.1_35316434_35316282,303,37.95
NC_058382.1_42779330_42779468,289,57.09
NC_058382.1_43118100_43118187,238,60.92
NC_058382.1_47626018_47625890,279,44.44
NC_058382.1_48336267_48336379,263,47.53
NC_058382.1_5096202_5096068,285,39.65
NC_058382.1_5097645_5097538,258,43.80
NC_058382.1_55112690_55112796,257,65.37
NC_058382.1_60648999_60648891,259,71.04
NC_058382.1_60743874_60743756,269,68.77
NC_058382.1_61006628_61006734,257,61.87
NC_058382.1_61481165_61481022,294,54.08
NC_058382.1_61528883_61529005,273,60.81
NC_058382.1_6967713_6968094,532,64.85
NC_058382.1_7026806_7027061,406,67.98
NC_058382.1_7037268_7037113,306,73.20
NC_058382.1_7160340_7160476,287,52.61
NC_058382.1_7449942_7450146,355,62.25
NC_058382.1_7621185_7621091,245,62.45
NC_058382.1_7673049_7672953,247,61.94
NC_058382.1_7685975_7685773,353,68.56
NC_058382.1_7720789_7720934,296,60.81
NC_058382.1_8093155_8093056,250,67.60
NC_058382.1_8229653_8229825,323,58.82
NC_058382.1_8259830_8259732,249,63.05
NC_058382.1_8457048_8456907,292,57.53
NC_058382.1_8463812_8463920,259,58.30
NC_058382.1_8654284_8654387,254,64.57
NC_058382.1_8999485_8999390,246,67.48
NC_058382.1_9026740_9026840,251,60.96
NC_058382.1_9582691_9582596,246,65.85
NC_058383.1_15728592_15728393,350,36.00
NC_058383.1_17006068_17005962,257,51.75
NC_058383.1_17143805_17143675,281,51.60
NC_058383.1_17382144_17382361,368,59.78
NC_058383.1_17416292_17416211,232,54.31
NC_058383.1_17774358_17774554,347,70.32
NC_058383.1_18205979_18205787,343,64.14
NC_058383.1_1912192_1912042,301,67.44
NC_058383.1_20607444_20606807,788,53.05
NC_058383.1_21345190_21345595,556,52.88
NC_058383.1_28519205_28519334,280,60.00
NC_058383.1_29598105_29597992,264,52.65
NC_058383.1_29603983_29603890,244,40.57
NC_058383.1_30682667_30683090,574,63.94
NC_058383.1_32343260_32343126,285,47.37
NC_058383.1_32548397_32547544,1004,36.65
NC_058383.1_37077557_37077704,298,68.12
NC_058383.1_37234017_37234216,350,56.57
NC_058383.1_39445450_39444950,651,68.51
NC_058383.1_40318151_40318027,275,65.82
NC_058383.1_40405570_40405725,306,66.99
NC_058383.1_40747792_40747711,232,68.10
NC_058383.1_41198750_41198655,246,62.60
NC_058383.1_4913270_4913371,252,41.67
NC_058383.1_5455547_5455437,261,51.34
NC_058383.1_5690067_5690170,254,60.63
NC_058383.1_6229541_6229743,353,50.14
NC_058383.1_6806099_6806237,289,55.71
NC_058383.1_7794369_7794457,239,60.67
NC_058383.1_7843019_7842686,484,66.94
NC_058383.1_956467_956652,336,76.79
NC_058384.1_10344960_10345053,244,60.25
NC_058384.1_10347518_10347608,241,58.51
NC_058384.1_13528225_13528578,504,42.06
NC_058384.1_15851858_15851982,275,52.73
NC_058384.1_20897385_20897493,259,37.07
NC_058384.1_2106208_2106362,305,48.20
NC_058384.1_22053175_22053386,362,30.11
NC_058384.1_23449656_23450783,1278,55.16
NC_058384.1_25203976_25203834,293,44.03
NC_058384.1_25210592_25210455,288,38.19
NC_058384.1_26404553_26404449,255,44.31
NC_058384.1_2679641_2679740,250,56.40
NC_058384.1_2877076_2876833,394,45.43
NC_058384.1_31758874_31758632,393,42.24
NC_058384.1_33088465_33088328,288,53.12
NC_058384.1_33247925_33248062,288,60.07
NC_058384.1_35054100_35054014,237,40.93
NC_058384.1_36390184_36390313,280,41.79
NC_058384.1_39694379_39694276,254,58.27
NC_058384.1_42431894_42431717,328,64.63
NC_058384.1_42616687_42616557,281,59.43
NC_058384.1_42619527_42619346,332,56.63
NC_058384.1_49842_49985,294,81.97
NC_058384.1_53559661_53559534,278,36.69
NC_058384.1_53651939_53651444,646,45.20
NC_058384.1_53955129_53954859,421,40.38
NC_058384.1_59187363_59187253,261,68.97
NC_058384.1_62341617_62341486,282,50.00
NC_058384.1_63022577_63022754,328,64.94
NC_058384.1_63170833_63170719,265,46.79
NC_058384.1_65826268_65825989,430,48.84
NC_058384.1_66482237_66482630,544,51.65
NC_058384.1_66519548_66519409,290,59.66
NC_058384.1_67291833_67291727,257,56.03
NC_058385.1_1142985_1143081,247,29.96
NC_058385.1_12199700_12200144,595,50.42
NC_058385.1_17656701_17656831,281,33.45
NC_058385.1_23012132_23012022,261,37.55
NC_058385.1_35713032_35712883,300,42.67
NC_058385.1_4386957_4386844,264,40.53
NC_058385.1_44306290_44306428,289,49.48
NC_058385.1_46161116_46160912,355,37.18
NC_058385.1_49967046_49966887,310,50.97
NC_058385.1_62847300_62847075,376,40.16
NC_058385.1_66476772_66476636,287,29.97
NC_058385.1_67035895_67036073,329,55.32
NC_058385.1_70071993_70072556,714,52.24
NC_058385.1_73588500_73588401,250,63.20
NC_058385.1_73630747_73630666,232,53.88
NC_058385.1_74197461_74197669,359,37.88
NC_058385.1_74338954_74339146,343,56.27
NC_058385.1_80911691_80911574,268,63.43
NC_058385.1_81763220_81763100,271,65.68
NC_058385.1_82144243_82144639,547,67.82
NC_058385.1_82478132_82478275,294,73.81
NC_058385.1_82537526_82537390,287,63.41
NC_058385.1_82736171_82736261,241,77.59
NC_058385.1_82878166_82878070,247,65.99
NC_058385.1_8722490_8722349,292,72.60
NC_058386.1_101073643_101073844,352,37.78
NC_058386.1_10542672_10542825,304,40.46
NC_058386.1_106918723_106918592,282,41.84
NC_058386.1_109868967_109868833,285,34.04
NC_058386.1_110781145_110781252,258,54.26
NC_058386.1_112322614_112322505,260,41.15
NC_058386.1_124994372_124994462,241,57.26
NC_058386.1_125692356_125692481,276,67.39
NC_058386.1_125765981_125766110,280,69.64
NC_058386.1_126293644_126293838,345,63.19
NC_058386.1_127236196_127236086,261,39.08
NC_058386.1_13172952_13172871,232,43.97
NC_058386.1_18121607_18121711,255,34.51
NC_058386.1_27949151_27948971,331,39.88
NC_058386.1_31248209_31249172,1114,51.26
NC_058386.1_32984173_32983567,757,68.03
NC_058386.1_38509726_38509566,311,40.19
NC_058386.1_41318817_41318947,281,63.35
NC_058386.1_41667868_41667972,255,60.00
NC_058386.1_41815798_41815909,262,51.91
NC_058386.1_42836342_42835743,750,63.60
NC_058386.1_42907289_42907184,256,62.89
NC_058386.1_46276817_46276683,285,51.23
NC_058386.1_46816280_46816194,237,41.77
NC_058386.1_47827416_47827294,273,42.86
NC_058386.1_48432072_48432188,267,33.33
NC_058386.1_50970278_50970148,281,46.98
NC_058386.1_53534623_53534760,288,39.93
NC_058386.1_57501119_57501242,274,49.27
NC_058386.1_58057511_58057601,241,51.45
NC_058386.1_58419454_58419607,304,40.13
NC_058386.1_65559207_65559090,268,35.82
NC_058386.1_85507024_85507170,297,39.39
NC_058386.1_87954893_87954752,292,55.48
NC_058386.1_91942931_91942781,301,51.16
NC_058386.1_93796257_93796136,272,34.56
NC_058386.1_960482_960600,269,68.40
NC_058386.1_97205176_97205504,479,69.10
NW_025408497.1_129419_129534,266,53.01
NW_025408510.1_130843_130705,289,49.48
