NC_054857.1_1017696_1017917,372,50.27
NC_054857.1_105292_105486,345,47.25
NC_054857.1_1060342_1059931,562,49.47
NC_054857.1_1086192_1086638,597,54.94
NC_054857.1_1087754_1087290,615,55.28
NC_054857.1_1116103_1116964,1012,55.93
NC_054857.1_1149480_1149364,267,52.81
NC_054857.1_1237158_1236834,475,54.11
NC_054857.1_1268505_1268332,324,52.47
NC_054857.1_1291948_1291686,413,48.18
NC_054857.1_1312260_1312679,570,49.82
NC_054857.1_1376969_1377107,289,56.06
NC_054857.1_1420388_1420203,336,47.02
NC_054857.1_1422657_1422239,569,51.49
NC_054857.1_1444338_1444122,367,49.86
NC_054857.1_1469653_1469308,496,54.44
NC_054857.1_1490894_1490749,296,44.26
NC_054857.1_1493254_1493168,237,48.95
NC_054857.1_1512368_1512215,304,48.68
NC_054857.1_153440_154113,824,57.52
NC_054857.1_154473_154307,317,46.37
NC_054857.1_1574185_1575274,1240,48.15
NC_054857.1_1594099_1594417,469,49.04
NC_054857.1_1595652_1596772,1271,51.38
NC_054857.1_1638028_1637937,242,45.45
NC_054857.1_1681992_1682753,912,56.47
NC_054857.1_1693422_1693015,558,48.92
NC_054857.1_1704198_1704363,316,50.95
NC_054857.1_1704421_1705327,1057,50.71
NC_054857.1_1710857_1710986,280,51.43
NC_054857.1_1712185_1712065,271,48.71
NC_054857.1_175766_176192,577,50.95
NC_054857.1_1824623_1824402,372,48.39
NC_054857.1_1825725_1825823,249,48.59
NC_054857.1_1857023_1857550,678,53.83
NC_054857.1_1875479_1875564,236,46.19
NC_054857.1_1879625_1879480,296,46.28
NC_054857.1_1881589_1881878,440,47.50
NC_054857.1_1881941_1882069,279,40.14
NC_054857.1_1887830_1887395,586,47.44
NC_054857.1_1945425_1945506,232,42.24
NC_054857.1_2031966_2032049,234,54.27
NC_054857.1_2062741_2062867,277,43.68
NC_054857.1_2088903_2089769,1017,53.98
NC_054857.1_214391_214616,376,44.95
NC_054857.1_2155202_2154431,922,49.13
NC_054857.1_2222971_2223174,354,46.61
NC_054857.1_2244922_2245035,264,48.48
NC_054857.1_2269076_2268796,431,48.49
NC_054857.1_2320940_2319965,1126,46.98
NC_054857.1_2375710_2375627,234,45.30
NC_054857.1_2392940_2393201,412,50.49
NC_054857.1_2447596_2447715,270,46.30
NC_054857.1_2449753_2449624,280,46.79
NC_054857.1_2465745_2465859,265,50.19
NC_054857.1_2477444_2478015,722,51.25
NC_054857.1_2501116_2501200,235,44.68
NC_054857.1_2524069_2523884,336,45.54
NC_054857.1_257343_257678,486,47.12
NC_054857.1_2612020_2612311,442,50.00
NC_054857.1_265610_265754,295,49.49
NC_054857.1_2657425_2657556,282,44.68
NC_054857.1_2690148_2690235,238,47.48
NC_054857.1_2740932_2740379,704,56.68
NC_054857.1_2755132_2755285,304,53.95
NC_054857.1_2811608_2811495,264,48.86
NC_054857.1_2836467_2836184,434,56.91
NC_054857.1_2859032_2859166,285,51.58
NC_054857.1_2861532_2861647,266,50.38
NC_054857.1_2865502_2865359,294,52.72
NC_054857.1_2918407_2917708,850,51.76
NC_054857.1_2937335_2937884,700,53.00
NC_054857.1_300743_300841,249,49.80
NC_054857.1_3007976_3008075,250,45.20
NC_054857.1_3036899_3037192,444,46.85
NC_054857.1_3048801_3049872,1222,58.51
NC_054857.1_3049946_3050390,595,55.63
NC_054857.1_3059363_3058421,1093,55.44
NC_054857.1_3062689_3062778,240,46.67
NC_054857.1_3064239_3064836,748,52.67
NC_054857.1_3109846_3109756,241,43.98
NC_054857.1_3144646_3144796,301,57.48
NC_054857.1_3168567_3169234,818,48.90
NC_054857.1_3173585_3173426,310,52.58
NC_054857.1_3183845_3183685,311,47.27
NC_054857.1_3184942_3183896,1197,54.97
NC_054857.1_3186707_3186829,273,49.08
NC_054857.1_3187234_3187441,358,52.23
NC_054857.1_3200545_3199521,1175,53.36
NC_054857.1_3200934_3200848,237,51.90
NC_054857.1_3207758_3208188,581,50.95
NC_054857.1_321425_321084,492,51.22
NC_054857.1_3358793_3359131,489,49.90
NC_054857.1_337509_337414,246,46.75
NC_054857.1_3393766_3393585,332,50.90
NC_054857.1_343165_342220,1096,50.73
NC_054857.1_3510109_3510324,366,52.73
NC_054857.1_3515361_3516134,924,50.65
NC_054857.1_3516213_3516739,677,51.26
NC_054857.1_3530158_3530610,603,48.76
NC_054857.1_3538424_3537660,915,53.22
NC_054857.1_357236_356738,649,51.77
NC_054857.1_362096_362227,282,53.55
NC_054857.1_3633614_3633708,245,46.53
NC_054857.1_3634262_3634526,415,47.71
NC_054857.1_3643026_3643203,328,51.52
NC_054857.1_3663703_3663228,626,48.56
NC_054857.1_3682868_3682685,334,45.51
NC_054857.1_3686796_3686877,232,47.84
NC_054857.1_3687631_3687823,343,46.06
NC_054857.1_369274_370051,928,55.71
NC_054857.1_3736552_3735778,925,52.32
NC_054857.1_3744725_3744227,649,52.39
NC_054857.1_3810006_3809312,845,53.02
NC_054857.1_3877031_3876739,443,55.53
NC_054857.1_3890261_3889942,470,50.64
NC_054857.1_3936117_3935836,432,56.71
NC_054857.1_3980768_3980505,414,50.00
NC_054857.1_3998622_3998170,603,56.05
NC_054857.1_4073983_4074924,1092,52.38
NC_054857.1_4139011_4138159,1003,51.35
NC_054857.1_4161071_4160641,581,51.12
NC_054857.1_4236709_4237256,698,55.01
NC_054857.1_4279450_4279178,423,54.14
NC_054857.1_4287962_4288306,495,49.49
NC_054857.1_4288723_4289298,726,50.69
NC_054857.1_4355118_4354798,471,50.53
NC_054857.1_4378005_4378125,271,41.70
NC_054857.1_4408949_4407954,1146,47.12
NC_054857.1_4449291_4449501,361,46.26
NC_054857.1_4464390_4464718,479,48.02
NC_054857.1_4503113_4504056,1094,52.47
NC_054857.1_4564230_4563943,438,58.45
NC_054857.1_4572606_4573371,916,56.44
NC_054857.1_4574555_4574641,237,54.01
NC_054857.1_462130_462661,682,56.60
NC_054857.1_4648826_4649024,349,48.42
NC_054857.1_4660499_4661403,1055,55.73
NC_054857.1_4661454_4662560,1257,59.03
NC_054857.1_4721987_4721886,252,51.59
NC_054857.1_4728037_4728378,492,48.78
NC_054857.1_4784210_4785131,1072,52.80
NC_054857.1_4814665_4814539,277,50.90
NC_054857.1_4820435_4820281,305,48.52
NC_054857.1_4822234_4823003,920,47.50
NC_054857.1_4824284_4824124,311,54.02
NC_054857.1_4863615_4863471,295,46.44
NC_054857.1_4877398_4877068,481,54.68
NC_054857.1_4899003_4898691,463,51.62
NC_054857.1_4927418_4927893,626,55.43
NC_054857.1_4960162_4960354,343,49.27
NC_054857.1_4973363_4974119,907,48.84
NC_054857.1_4999063_4999162,250,48.00
NC_054857.1_5048382_5047281,1252,48.80
NC_054857.1_5140064_5139491,724,48.34
NC_054857.1_515639_516220,732,53.14
NC_054857.1_5163319_5163220,250,49.60
NC_054857.1_517081_516765,467,48.61
NC_054857.1_5205587_5205089,649,47.46
NC_054857.1_529183_528133,1201,50.71
NC_054857.1_5410025_5410727,853,53.69
NC_054857.1_5424740_5425248,659,52.66
NC_054857.1_5465244_5465328,235,51.49
NC_054857.1_547021_547138,268,45.90
NC_054857.1_5487300_5486956,495,49.70
NC_054857.1_5498959_5499218,410,56.10
NC_054857.1_5530778_5530910,283,50.53
NC_054857.1_5531251_5531335,235,47.66
NC_054857.1_5544445_5544285,311,55.31
NC_054857.1_5549034_5549135,252,43.25
NC_054857.1_5590938_5591733,946,51.90
NC_054857.1_5623331_5623234,248,44.76
NC_054857.1_5644012_5644609,748,52.81
NC_054857.1_5655997_5656219,373,48.79
NC_054857.1_5692877_5692459,569,49.38
NC_054857.1_575040_574572,619,48.79
NC_054857.1_5767930_5767653,428,51.87
NC_054857.1_5778968_5779220,403,54.84
NC_054857.1_5786354_5786079,426,51.41
NC_054857.1_5813448_5813307,292,54.11
NC_054857.1_5824477_5824642,316,52.85
NC_054857.1_5839253_5839163,241,45.64
NC_054857.1_5854875_5855280,556,51.44
NC_054857.1_5867280_5867627,498,50.40
NC_054857.1_5867673_5868126,604,52.48
NC_054857.1_592636_591848,939,51.44
NC_054857.1_5955931_5956031,251,47.41
NC_054857.1_6001119_6001007,263,54.75
NC_054857.1_670993_671405,563,49.91
NC_054857.1_682866_683219,504,55.95
NC_054857.1_687730_687946,367,51.23
NC_054857.1_805243_806353,1261,51.55
NC_054857.1_823993_825040,1198,54.84
NC_054857.1_836923_837435,663,51.89
NC_054857.1_855432_854877,706,56.09
NC_054857.1_927595_927750,306,54.90
NC_054857.1_94608_94738,281,50.18
NC_054858.1_1017705_1017406,450,52.44
NC_054858.1_104046_103585,612,55.56
NC_054858.1_1068279_1067820,610,47.54
NC_054858.1_1073971_1074141,321,45.79
NC_054858.1_1092994_1093079,236,53.81
NC_054858.1_1104866_1104985,270,51.85
NC_054858.1_1134220_1133938,433,54.97
NC_054858.1_1138002_1137792,361,43.77
NC_054858.1_1167952_1167834,269,40.52
NC_054858.1_1181192_1181543,502,53.19
NC_054858.1_122584_123103,670,55.52
NC_054858.1_1227430_1227172,409,50.12
NC_054858.1_124772_124433,490,54.49
NC_054858.1_1267151_1267399,399,48.87
NC_054858.1_1339498_1339388,261,45.59
NC_054858.1_1370981_1371621,791,47.03
NC_054858.1_1386577_1386130,598,50.67
NC_054858.1_1392017_1392961,1095,51.42
NC_054858.1_1471038_1470843,346,50.87
NC_054858.1_1490723_1490910,338,54.73
NC_054858.1_1533667_1533967,451,49.22
NC_054858.1_1544587_1544463,275,48.36
NC_054858.1_159152_160112,1111,54.37
NC_054858.1_1603971_1604057,237,43.04
NC_054858.1_164669_164411,409,53.30
NC_054858.1_1658556_1658968,563,55.06
NC_054858.1_1705682_1705496,337,45.70
NC_054858.1_170633_169674,1110,56.76
NC_054858.1_1743787_1743663,275,49.45
NC_054858.1_1877702_1877838,287,49.13
NC_054858.1_1879299_1879502,354,51.98
NC_054858.1_1904991_1903869,1273,56.56
NC_054858.1_1917335_1917711,527,53.89
NC_054858.1_204019_204247,379,47.23
NC_054858.1_2041041_2041273,383,52.48
NC_054858.1_2042537_2041886,802,47.88
NC_054858.1_2060888_2060705,334,49.70
NC_054858.1_206192_206338,297,48.15
NC_054858.1_2097259_2097883,775,47.87
NC_054858.1_2153160_2152479,832,55.05
NC_054858.1_2189610_2189450,311,48.23
NC_054858.1_2220758_2220664,245,43.27
NC_054858.1_225144_225715,722,49.58
NC_054858.1_2262636_2262788,303,53.14
NC_054858.1_2269020_2269281,412,55.58
NC_054858.1_2285830_2285912,233,44.64
NC_054858.1_2311433_2312009,727,49.66
NC_054858.1_2322422_2323285,1014,48.82
NC_054858.1_2345487_2344793,845,51.83
NC_054858.1_237921_236871,1201,55.20
NC_054858.1_239421_239868,598,50.00
NC_054858.1_244390_244231,310,53.23
NC_054858.1_2555461_2555182,430,49.77
NC_054858.1_2614635_2614093,693,51.95
NC_054858.1_2640650_2640537,264,50.38
NC_054858.1_2651997_2652431,585,49.23
NC_054858.1_2655788_2656055,418,48.56
NC_054858.1_267694_267497,348,43.39
NC_054858.1_2693341_2693232,260,48.08
NC_054858.1_2693617_2693532,236,47.46
NC_054858.1_2707896_2708340,595,53.11
NC_054858.1_2720039_2720168,280,51.07
NC_054858.1_2740596_2740778,333,48.35
NC_054858.1_2772553_2772351,353,54.11
NC_054858.1_2794895_2794484,562,54.27
NC_054858.1_2805478_2805285,344,48.26
NC_054858.1_284315_285029,865,48.32
NC_054858.1_285728_285940,363,52.89
NC_054858.1_2864921_2865102,332,48.19
NC_054858.1_2890103_2891256,1304,55.21
NC_054858.1_2891908_2892001,244,46.72
NC_054858.1_2971921_2972179,409,52.57
NC_054858.1_2976398_2976306,243,46.91
NC_054858.1_305736_305911,326,45.40
NC_054858.1_3062855_3062390,616,53.73
NC_054858.1_3113494_3113773,430,44.19
NC_054858.1_3114180_3114033,298,43.62
NC_054858.1_312565_312079,637,51.49
NC_054858.1_3177132_3176569,714,52.80
NC_054858.1_3185961_3186854,1044,56.61
NC_054858.1_3222481_3222571,241,48.55
NC_054858.1_3285837_3285951,265,50.57
NC_054858.1_3338274_3338579,456,49.12
NC_054858.1_3344057_3343296,912,51.64
NC_054858.1_3344431_3344133,449,52.34
NC_054858.1_3374877_3374227,801,55.18
NC_054858.1_3383319_3383122,348,46.84
NC_054858.1_3390308_3390178,281,49.47
NC_054858.1_34128_33648,631,59.27
NC_054858.1_3428018_3428720,853,51.82
NC_054858.1_3429858_3429511,498,52.81
NC_054858.1_3492198_3492552,505,51.29
NC_054858.1_3506722_3506921,350,50.57
NC_054858.1_3540237_3540132,256,47.66
NC_054858.1_3594593_3594459,285,45.96
NC_054858.1_3606113_3606360,398,52.26
NC_054858.1_3612256_3612380,275,46.91
NC_054858.1_3691888_3692402,665,51.28
NC_054858.1_3760685_3760434,402,50.00
NC_054858.1_3793838_3793934,247,45.75
NC_054858.1_3803533_3803929,547,50.46
NC_054858.1_3889953_3890889,1087,51.24
NC_054858.1_3918139_3917093,1197,56.14
NC_054858.1_3927279_3926247,1183,52.41
NC_054858.1_3935843_3935433,561,52.05
NC_054858.1_3972010_3971204,957,48.07
NC_054858.1_4000909_4001034,276,53.99
NC_054858.1_4004399_4004256,294,52.38
NC_054858.1_4069270_4069567,448,47.32
NC_054858.1_4070148_4070058,241,44.81
NC_054858.1_4072886_4072105,932,53.54
NC_054858.1_4087469_4087692,374,44.39
NC_054858.1_4091818_4091986,319,51.41
NC_054858.1_4097506_4097282,375,52.27
NC_054858.1_4097678_4097565,264,49.24
NC_054858.1_41138_39987,1302,50.15
NC_054858.1_4169739_4169421,469,46.27
NC_054858.1_4211186_4211400,365,44.93
NC_054858.1_4211463_4211687,375,50.93
NC_054858.1_4282106_4281908,349,53.01
NC_054858.1_4357612_4357822,361,44.60
NC_054858.1_4365630_4365257,524,55.15
NC_054858.1_4435939_4436502,714,49.44
NC_054858.1_4589536_4590445,1060,47.26
NC_054858.1_4596358_4596272,237,51.90
NC_054858.1_4636582_4636356,377,53.32
NC_054858.1_4668328_4668538,361,43.21
NC_054858.1_467064_467798,885,48.25
NC_054858.1_4686040_4685173,1018,51.18
NC_054858.1_4686721_4686290,582,51.20
NC_054858.1_4766976_4766785,342,55.26
NC_054858.1_4777919_4778476,708,57.06
NC_054858.1_4780044_4779761,434,52.07
NC_054858.1_4783151_4782905,397,51.13
NC_054858.1_4788630_4788714,235,46.81
NC_054858.1_48650_48864,365,50.14
NC_054858.1_4902421_4902868,598,58.53
NC_054858.1_4929563_4929681,269,44.98
NC_054858.1_4938024_4937604,571,50.09
NC_054858.1_4949347_4949082,416,52.16
NC_054858.1_5029475_5030653,1329,51.84
NC_054858.1_5031670_5031953,434,50.69
NC_054858.1_5063945_5063147,949,54.90
NC_054858.1_5098553_5098304,400,52.00
NC_054858.1_512136_510960,1327,52.30
NC_054858.1_5181591_5182060,620,55.65
NC_054858.1_5193919_5193792,278,49.64
NC_054858.1_5196119_5196410,442,53.39
NC_054858.1_5202374_5202559,336,47.92
NC_054858.1_5229215_5229526,462,53.46
NC_054858.1_5255424_5256222,949,49.42
NC_054858.1_531094_530305,940,54.04
NC_054858.1_5387061_5386738,474,49.79
NC_054858.1_5404097_5403753,495,54.14
NC_054858.1_5418115_5417983,283,51.94
NC_054858.1_547712_548326,765,55.16
NC_054858.1_551810_552442,783,55.04
NC_054858.1_572740_572413,478,51.46
NC_054858.1_580034_581129,1246,50.40
NC_054858.1_638441_638279,313,50.48
NC_054858.1_659946_659560,537,54.93
NC_054858.1_661253_661846,744,52.55
NC_054858.1_710166_710633,618,56.63
NC_054858.1_734095_733985,261,44.83
NC_054858.1_751968_752934,1117,51.48
NC_054858.1_788843_789217,525,50.86
NC_054858.1_803781_803871,241,48.55
NC_054858.1_830809_830897,239,48.54
NC_054858.1_860099_859107,1143,49.87
NC_054858.1_890130_890461,482,52.90
NC_054858.1_915218_915663,596,47.32
NC_054858.1_920851_920750,252,45.63
NC_054858.1_953499_953646,298,52.35
NC_054858.1_955954_956135,332,51.81
NC_054858.1_957573_957752,330,47.58
NC_054858.1_959595_959717,273,47.62
NC_054858.1_981620_981187,584,46.75
NC_054858.1_98928_98831,248,49.19
NC_054859.1_1004979_1004535,595,58.32
NC_054859.1_1052360_1052724,515,48.93
NC_054859.1_106295_105196,1250,59.20
NC_054859.1_1082673_1082460,364,52.47
NC_054859.1_1139336_1139645,460,51.30
NC_054859.1_1139714_1139877,314,47.13
NC_054859.1_1173741_1173290,602,50.17
NC_054859.1_1180079_1180444,516,54.07
NC_054859.1_1218736_1219027,442,49.55
NC_054859.1_1245236_1244834,553,48.82
NC_054859.1_1259348_1259565,368,50.00
NC_054859.1_1281101_1281619,669,49.78
NC_054859.1_1292972_1293904,1083,48.66
NC_054859.1_132032_131933,250,43.60
NC_054859.1_1354030_1353604,577,52.86
NC_054859.1_1359887_1359430,608,53.45
NC_054859.1_1369581_1370078,648,53.86
NC_054859.1_1376686_1377328,793,53.72
NC_054859.1_1401731_1401566,316,42.72
NC_054859.1_1436205_1436658,604,50.50
NC_054859.1_1461427_1461266,312,47.44
NC_054859.1_1491334_1491212,273,47.62
NC_054859.1_1499663_1500502,990,53.23
NC_054859.1_150040_149862,329,48.63
NC_054859.1_1531858_1532004,297,55.56
NC_054859.1_1537826_1537944,269,42.01
NC_054859.1_1607281_1607184,248,52.02
NC_054859.1_1614513_1613369,1295,52.66
NC_054859.1_1617781_1617169,763,52.56
NC_054859.1_1660942_1661292,501,54.09
NC_054859.1_1672999_1673220,372,54.57
NC_054859.1_1676290_1676661,522,52.30
NC_054859.1_1677513_1677871,509,50.49
NC_054859.1_1681035_1681532,648,55.56
NC_054859.1_1708587_1709352,916,47.82
NC_054859.1_1709969_1710147,329,48.94
NC_054859.1_1743292_1742831,612,52.45
NC_054859.1_1752408_1752293,266,50.75
NC_054859.1_177406_177530,275,48.73
NC_054859.1_1819969_1820119,301,49.83
NC_054859.1_1834751_1834531,371,53.64
NC_054859.1_1868193_1867830,514,53.31
NC_054859.1_1927726_1927587,290,51.72
NC_054859.1_1938005_1937705,451,48.34
NC_054859.1_1939716_1939832,267,53.18
NC_054859.1_2012271_2011835,587,50.60
NC_054859.1_2034221_2035007,937,54.00
NC_054859.1_2039982_2040115,284,47.18
NC_054859.1_2107218_2106931,438,52.05
NC_054859.1_211106_211799,844,46.92
NC_054859.1_2124392_2124531,290,51.38
NC_054859.1_2135931_2136130,350,49.71
NC_054859.1_2162806_2163487,832,53.25
NC_054859.1_2163553_2163718,316,45.57
NC_054859.1_2203606_2204021,566,48.59
NC_054859.1_2225202_2225458,407,54.79
NC_054859.1_2323240_2323341,252,54.37
NC_054859.1_2392396_2391650,897,50.17
NC_054859.1_2394892_2394526,517,46.81
NC_054859.1_2433185_2432964,372,46.51
NC_054859.1_2439594_2439479,266,47.74
NC_054859.1_2473125_2473209,235,42.98
NC_054859.1_2551241_2551100,292,47.60
NC_054859.1_256919_257018,250,46.40
NC_054859.1_2622733_2622394,490,50.20
NC_054859.1_2623136_2622802,485,53.20
NC_054859.1_2626613_2626250,514,52.53
NC_054859.1_274498_274721,374,54.81
NC_054859.1_2757366_2757232,285,53.33
NC_054859.1_2766889_2767127,389,47.30
NC_054859.1_2769046_2769258,363,48.76
NC_054859.1_2775621_2775765,295,53.90
NC_054859.1_2788239_2788101,289,50.17
NC_054859.1_2836536_2837397,1012,53.16
NC_054859.1_2860060_2861189,1280,57.27
NC_054859.1_2922979_2922867,263,46.77
NC_054859.1_2956539_2956145,545,44.40
NC_054859.1_2992673_2993541,1019,48.68
NC_054859.1_3120459_3120704,396,51.77
NC_054859.1_3150444_3150289,306,49.02
NC_054859.1_3157963_3157253,861,48.90
NC_054859.1_316213_316556,494,54.66
NC_054859.1_3176071_3175722,500,55.20
NC_054859.1_3194951_3195869,1069,54.16
NC_054859.1_3212147_3212638,642,49.69
NC_054859.1_3248266_3248502,387,46.51
NC_054859.1_3310134_3309072,1213,56.97
NC_054859.1_3394066_3394170,255,54.51
NC_054859.1_342665_342923,409,51.10
NC_054859.1_3433600_3433262,489,50.31
NC_054859.1_3439280_3438489,942,54.88
NC_054859.1_3445662_3446344,833,49.94
NC_054859.1_3474136_3473752,535,53.08
NC_054859.1_3559644_3560598,1105,46.06
NC_054859.1_3594593_3594082,662,48.19
NC_054859.1_361067_361635,719,54.24
NC_054859.1_3613157_3613456,450,51.56
NC_054859.1_3629964_3630654,841,53.39
NC_054859.1_3635075_3634481,745,55.57
NC_054859.1_3744961_3745402,592,52.70
NC_054859.1_3748712_3748911,350,40.00
NC_054859.1_3781636_3781724,239,47.28
NC_054859.1_3871274_3870085,1340,47.91
NC_054859.1_3917124_3917984,1011,52.92
NC_054859.1_3940916_3941102,337,43.03
NC_054859.1_394433_394166,418,43.78
NC_054859.1_3951634_3951789,306,44.44
NC_054859.1_3957444_3957255,340,49.41
NC_054859.1_3999316_3999547,382,49.74
NC_054859.1_4016242_4016052,341,46.63
NC_054859.1_4037743_4037010,884,50.90
NC_054859.1_4067166_4067060,257,49.81
NC_054859.1_4072742_4071803,1090,54.31
NC_054859.1_4085255_4085144,262,45.04
NC_054859.1_4090960_4091387,578,51.73
NC_054859.1_4099992_4099838,305,50.82
NC_054859.1_4118745_4118560,336,55.65
NC_054859.1_4178144_4178310,317,48.26
NC_054859.1_4181284_4180764,671,52.31
NC_054859.1_4226002_4225919,234,49.15
NC_054859.1_4257679_4257812,284,47.18
NC_054859.1_4280438_4280151,438,50.23
NC_054859.1_4285145_4285973,979,55.98
NC_054859.1_4295878_4295961,234,47.44
NC_054859.1_4296160_4296281,272,47.06
NC_054859.1_4296781_4296912,282,44.33
NC_054859.1_4297376_4297482,257,46.30
NC_054859.1_4373822_4373697,276,47.10
NC_054859.1_4404287_4405001,865,60.69
NC_054859.1_4409239_4409622,534,55.62
NC_054859.1_4483462_4483338,275,54.91
NC_054859.1_4492486_4492269,368,50.00
NC_054859.1_4494565_4495539,1125,50.40
NC_054859.1_4498184_4498997,964,56.85
NC_054859.1_456542_456859,468,53.85
NC_054859.1_471217_471855,789,54.12
NC_054859.1_481301_480519,933,53.48
NC_054859.1_536937_537526,740,50.81
NC_054859.1_587387_586932,606,49.83
NC_054859.1_589225_588752,624,50.64
NC_054859.1_598711_598393,469,51.39
NC_054859.1_619505_618854,802,50.75
NC_054859.1_624917_625142,376,47.07
NC_054859.1_655354_655190,315,43.81
NC_054859.1_657603_657447,307,44.30
NC_054859.1_70079_69822,408,56.62
NC_054859.1_728003_728219,367,49.86
NC_054859.1_753262_753109,304,50.00
NC_054859.1_858905_858100,956,54.18
NC_054859.1_910875_911321,597,51.42
NC_054859.1_956663_956788,276,48.91
NC_054859.1_992050_991084,1117,52.73
NC_054860.1_1025328_1025493,316,46.52
NC_054860.1_1051596_1052265,820,53.90
NC_054860.1_1165480_1165978,649,51.93
NC_054860.1_118087_119080,1144,50.00
NC_054860.1_1201515_1201170,496,51.01
NC_054860.1_1209919_1210106,338,56.51
NC_054860.1_1217589_1217720,282,52.48
NC_054860.1_1236660_1236184,627,52.47
NC_054860.1_1253927_1253507,571,56.04
NC_054860.1_1277861_1278095,385,46.75
NC_054860.1_1300691_1301828,1288,55.51
NC_054860.1_132176_132065,262,43.51
NC_054860.1_132781_132332,600,51.17
NC_054860.1_1357609_1357010,750,47.33
NC_054860.1_1360860_1360736,275,49.45
NC_054860.1_1395694_1395884,341,57.48
NC_054860.1_1399168_1399087,232,47.41
NC_054860.1_1410107_1410357,401,46.38
NC_054860.1_1410791_1411065,425,48.71
NC_054860.1_1468902_1469128,377,53.58
NC_054860.1_1552591_1553009,569,54.31
NC_054860.1_1592990_1593085,246,51.63
NC_054860.1_159624_159821,348,48.28
NC_054860.1_1606203_1605928,426,47.42
NC_054860.1_1657254_1657518,415,50.84
NC_054860.1_1707890_1707349,692,51.88
NC_054860.1_1751078_1751769,842,55.23
NC_054860.1_1753966_1753872,245,45.71
NC_054860.1_1758341_1758121,371,45.28
NC_054860.1_1777355_1777515,311,39.55
NC_054860.1_1816466_1816686,371,49.06
NC_054860.1_1816836_1817018,333,50.45
NC_054860.1_1827168_1827697,680,48.53
NC_054860.1_1847736_1848433,848,57.19
NC_054860.1_1851192_1852370,1329,50.49
NC_054860.1_1879174_1878994,331,49.85
NC_054860.1_1885525_1885321,355,51.83
NC_054860.1_1891242_1891676,585,51.45
NC_054860.1_1927582_1928559,1128,52.30
NC_054860.1_1944841_1946025,1335,56.40
NC_054860.1_1955892_1955801,242,51.24
NC_054860.1_1957785_1956852,1084,54.80
NC_054860.1_1988396_1989461,1216,54.28
NC_054860.1_1992536_1992320,367,47.14
NC_054860.1_201114_200729,536,51.12
NC_054860.1_2017630_2017871,392,48.98
NC_054860.1_2087317_2087625,459,47.93
NC_054860.1_209744_210488,895,46.82
NC_054860.1_2122615_2122384,382,48.43
NC_054860.1_2126374_2126671,448,48.88
NC_054860.1_2139443_2138744,850,54.47
NC_054860.1_2177184_2176969,366,53.28
NC_054860.1_2214132_2213704,579,51.30
NC_054860.1_2242047_2242377,481,50.10
NC_054860.1_2267927_2267723,355,54.65
NC_054860.1_2303775_2303920,296,51.69
NC_054860.1_235501_235830,480,47.71
NC_054860.1_2382553_2382822,420,49.05
NC_054860.1_2392356_2392133,374,43.32
NC_054860.1_2425205_2424985,371,45.28
NC_054860.1_2532408_2531616,943,53.87
NC_054860.1_2570380_2569777,754,51.86
NC_054860.1_257464_257211,404,48.76
NC_054860.1_2579313_2579062,402,51.99
NC_054860.1_2580138_2580303,316,52.22
NC_054860.1_2600966_2601408,593,52.61
NC_054860.1_2647649_2646502,1298,50.31
NC_054860.1_2660251_2660020,382,47.91
NC_054860.1_2663705_2663942,388,49.74
NC_054860.1_2666227_2666979,903,53.71
NC_054860.1_2693245_2692751,645,57.05
NC_054860.1_2701083_2702091,1159,55.22
NC_054860.1_2730037_2729050,1138,53.51
NC_054860.1_2739088_2738985,254,49.61
NC_054860.1_2751134_2750987,298,42.95
NC_054860.1_2756100_2757105,1156,53.11
NC_054860.1_276818_277160,493,52.94
NC_054860.1_2807625_2807778,304,50.00
NC_054860.1_2826712_2827214,653,53.14
NC_054860.1_2857242_2856685,708,50.00
NC_054860.1_2884249_2883724,676,53.40
NC_054860.1_2937306_2937438,283,47.00
NC_054860.1_294309_294504,346,51.73
NC_054860.1_2964301_2964115,337,42.73
NC_054860.1_3125714_3126826,1263,48.69
NC_054860.1_3162616_3162317,450,47.78
NC_054860.1_3198820_3198165,806,52.48
NC_054860.1_3220815_3220733,233,50.64
NC_054860.1_3222285_3221435,1001,51.45
NC_054860.1_3239409_3239228,332,51.51
NC_054860.1_3318911_3318425,637,51.81
NC_054860.1_3327433_3327940,658,53.95
NC_054860.1_3371022_3371570,699,54.94
NC_054860.1_3378818_3379178,511,50.88
NC_054860.1_3382592_3382480,263,45.25
NC_054860.1_3383354_3383270,235,47.23
NC_054860.1_3395607_3395852,396,50.76
NC_054860.1_3396459_3396630,322,54.66
NC_054860.1_3508585_3508686,252,53.97
NC_054860.1_3538292_3538056,387,44.44
NC_054860.1_3570788_3570886,249,46.18
NC_054860.1_3630638_3630065,724,53.45
NC_054860.1_3642042_3642152,261,48.28
NC_054860.1_3688950_3689487,688,54.80
NC_054860.1_3705716_3705818,253,47.83
NC_054860.1_3721037_3720458,730,52.05
NC_054860.1_3735168_3734875,444,50.45
NC_054860.1_3746229_3745906,474,52.32
NC_054860.1_3764705_3764318,538,50.56
NC_054860.1_377124_376875,400,51.50
NC_054860.1_3793440_3793248,343,50.73
NC_054860.1_3794289_3794163,277,50.18
NC_054860.1_3843923_3843431,643,46.35
NC_054860.1_3845709_3844904,956,51.36
NC_054860.1_3846189_3845838,502,48.01
NC_054860.1_3873740_3874079,490,52.86
NC_054860.1_3886699_3886792,244,49.59
NC_054860.1_3894414_3894666,403,55.33
NC_054860.1_3897276_3897361,236,51.27
NC_054860.1_3936389_3936293,247,43.72
NC_054860.1_393660_393407,404,51.98
NC_054860.1_394364_394582,369,47.70
NC_054860.1_3987130_3986686,595,52.44
NC_054860.1_3992801_3992133,819,53.72
NC_054860.1_3992945_3992860,236,50.85
NC_054860.1_4001850_4001998,299,43.48
NC_054860.1_4020412_4020608,347,51.87
NC_054860.1_4080758_4079966,943,53.76
NC_054860.1_4109675_4110457,933,49.09
NC_054860.1_4132662_4133226,715,51.89
NC_054860.1_4170144_4170363,370,53.51
NC_054860.1_4171597_4171966,520,48.46
NC_054860.1_4188520_4188310,361,47.65
NC_054860.1_4194839_4194506,484,51.03
NC_054860.1_4197288_4197755,618,52.43
NC_054860.1_424662_423507,1306,52.76
NC_054860.1_4254422_4255091,820,54.39
NC_054860.1_4257370_4257264,257,47.08
NC_054860.1_4275008_4275127,270,48.52
NC_054860.1_4278053_4278311,409,57.46
NC_054860.1_4329028_4328890,289,44.98
NC_054860.1_434085_434587,653,52.99
NC_054860.1_4358332_4358444,263,44.11
NC_054860.1_4374803_4374513,441,49.89
NC_054860.1_449924_450111,338,53.85
NC_054860.1_454672_454521,302,47.02
NC_054860.1_459938_459230,859,53.67
NC_054860.1_50988_51128,291,46.39
NC_054860.1_524406_524640,385,51.17
NC_054860.1_526158_526920,913,55.09
NC_054860.1_531792_531601,342,46.78
NC_054860.1_580513_580364,300,41.67
NC_054860.1_600523_600677,305,52.13
NC_054860.1_654283_654061,373,43.16
NC_054860.1_657253_656889,515,50.87
NC_054860.1_677384_677823,590,51.19
NC_054860.1_696166_696484,469,52.45
NC_054860.1_771509_771183,477,47.80
NC_054860.1_779880_780435,706,52.55
NC_054860.1_78405_78034,522,46.17
NC_054860.1_818251_818410,310,49.03
NC_054860.1_822813_823054,392,50.77
NC_054860.1_823100_823927,978,53.89
NC_054860.1_880861_880193,819,53.97
NC_054860.1_912082_912268,337,49.26
NC_054860.1_914265_914480,366,51.37
NC_054860.1_946319_946085,385,47.79
NC_054860.1_967795_967524,422,46.45
NC_054860.1_971075_971761,837,49.82
NC_054860.1_97631_96443,1339,56.61
NC_054860.1_978104_977801,454,47.58
NC_054861.1_1006494_1006371,274,54.01
NC_054861.1_1027471_1027737,417,52.04
NC_054861.1_1042763_1042886,274,51.82
NC_054861.1_1045045_1044472,724,54.70
NC_054861.1_1110758_1111015,408,52.45
NC_054861.1_1147138_1148133,1146,56.28
NC_054861.1_1164204_1164076,279,51.25
NC_054861.1_1169644_1169893,400,49.75
NC_054861.1_1177009_1177255,397,49.62
NC_054861.1_1179133_1179023,261,44.83
NC_054861.1_1232010_1231284,877,50.06
NC_054861.1_1269593_1269925,483,54.24
NC_054861.1_1311376_1311511,286,51.05
NC_054861.1_1343436_1343918,633,55.45
NC_054861.1_1406836_1407042,357,53.78
NC_054861.1_1428864_1429165,452,53.76
NC_054861.1_1433937_1433823,265,50.19
NC_054861.1_1454772_1454203,720,48.19
NC_054861.1_1531771_1530940,982,50.00
NC_054861.1_1536284_1536194,241,45.23
NC_054861.1_1641276_1640978,449,50.11
NC_054861.1_1645876_1646139,414,49.52
NC_054861.1_1648189_1649386,1348,59.27
NC_054861.1_176929_177034,256,54.30
NC_054861.1_1776074_1776792,869,55.47
NC_054861.1_1864670_1864542,279,49.82
NC_054861.1_1882939_1882773,317,45.43
NC_054861.1_1908925_1908610,466,53.00
NC_054861.1_1969238_1968732,657,48.71
NC_054861.1_1969386_1969290,247,44.53
NC_054861.1_1989455_1989644,340,42.06
NC_054861.1_1993267_1993162,256,50.39
NC_054861.1_2007630_2006732,1049,53.96
NC_054861.1_2029218_2029067,302,40.40
NC_054861.1_20337_20227,261,47.51
NC_054861.1_2053393_2053210,334,53.59
NC_054861.1_212404_211746,809,53.03
NC_054861.1_2139529_2139400,280,43.93
NC_054861.1_2246070_2246350,431,50.35
NC_054861.1_2249981_2250946,1116,54.12
NC_054861.1_2260078_2260381,454,51.54
NC_054861.1_2268379_2268277,253,46.25
NC_054861.1_2335749_2335403,497,50.91
NC_054861.1_2469829_2469701,279,53.76
NC_054861.1_2481771_2481967,347,49.57
NC_054861.1_2516930_2518057,1278,51.88
NC_054861.1_2553899_2554045,297,50.84
NC_054861.1_2576003_2575677,477,51.99
NC_054861.1_2627474_2628519,1196,50.00
NC_054861.1_2641279_2641418,290,43.79
NC_054861.1_2660012_2659919,244,43.85
NC_054861.1_2715054_2715218,315,52.06
NC_054861.1_2722544_2722959,566,50.35
NC_054861.1_2760059_2760264,356,52.25
NC_054861.1_2800327_2799802,676,55.77
NC_054861.1_280752_280944,343,51.60
NC_054861.1_2812667_2812837,321,50.16
NC_054861.1_2904237_2904604,518,49.81
NC_054861.1_2906780_2907419,790,50.89
NC_054861.1_2935546_2935824,429,50.12
NC_054861.1_3002138_3002441,454,45.81
NC_054861.1_3004068_3003817,402,51.00
NC_054861.1_304571_305325,905,54.48
NC_054861.1_306326_306170,307,44.95
NC_054861.1_3070036_3070174,289,52.60
NC_054861.1_3077751_3077116,786,48.35
NC_054861.1_3093049_3092855,345,53.04
NC_054861.1_3094792_3093634,1309,50.57
NC_054861.1_3119563_3119731,319,60.19
NC_054861.1_3126083_3125934,300,47.00
NC_054861.1_3179381_3178808,724,49.59
NC_054861.1_3281391_3282360,1120,52.41
NC_054861.1_3282428_3282800,523,54.68
NC_054861.1_3330018_3329852,317,47.95
NC_054861.1_3362770_3363359,740,49.32
NC_054861.1_3390138_3390372,385,47.27
NC_054861.1_3482689_3482110,730,51.64
NC_054861.1_3526880_3527506,777,57.01
NC_054861.1_3542863_3543994,1282,54.99
NC_054861.1_3613471_3613605,285,46.67
NC_054861.1_3625117_3625963,997,53.96
NC_054861.1_3626212_3626401,340,53.82
NC_054861.1_3646326_3645773,704,52.41
NC_054861.1_3739842_3739485,508,50.79
NC_054861.1_3740347_3739910,588,51.87
NC_054861.1_3789612_3789086,677,51.11
NC_054861.1_3836246_3836122,275,44.36
NC_054861.1_3924720_3924513,358,53.07
NC_054861.1_3942641_3942806,316,47.15
NC_054861.1_3958043_3958374,482,51.87
NC_054861.1_3974904_3974713,342,48.25
NC_054861.1_4009185_4008909,427,53.40
NC_054861.1_4041175_4041392,368,54.35
NC_054861.1_4062017_4062604,738,51.22
NC_054861.1_4074184_4073461,874,46.45
NC_054861.1_4127009_4126500,660,53.94
NC_054861.1_4148231_4148339,259,37.84
NC_054861.1_4165787_4165950,314,48.41
NC_054861.1_50532_50360,323,53.87
NC_054861.1_520960_520859,252,52.38
NC_054861.1_536706_535986,871,51.21
NC_054861.1_553112_553253,292,49.66
NC_054861.1_55313_55549,387,51.94
NC_054861.1_569514_569646,283,48.06
NC_054861.1_606635_606765,281,49.11
NC_054861.1_846053_844988,1216,48.60
NC_054861.1_904683_903836,998,54.61
NC_054861.1_905111_905604,644,51.71
NC_054861.1_918408_918520,263,47.15
NC_054861.1_933936_934336,551,53.18
NC_054861.1_934388_934508,271,49.45
NC_054861.1_965152_964080,1223,55.44
NC_054861.1_997199_997115,235,50.21
NC_054862.1_1057924_1058371,598,47.32
NC_054862.1_105806_105679,278,50.00
NC_054862.1_1076499_1076133,517,48.16
NC_054862.1_1077060_1076553,658,48.94
NC_054862.1_1229956_1229844,263,49.05
NC_054862.1_1268386_1268495,260,40.77
NC_054862.1_129686_129441,396,49.24
NC_054862.1_1319713_1319823,261,47.89
NC_054862.1_1336757_1336628,280,41.07
NC_054862.1_1447374_1448367,1144,44.76
NC_054862.1_1453650_1453510,291,50.52
NC_054862.1_1463585_1463479,257,44.75
NC_054862.1_1499069_1498570,650,51.69
NC_054862.1_154047_153754,444,50.68
NC_054862.1_1579912_1580481,720,55.69
NC_054862.1_1584009_1583367,793,50.44
NC_054862.1_1597414_1596505,1060,53.02
NC_054862.1_1634869_1635512,794,48.49
NC_054862.1_1675130_1674323,958,55.22
NC_054862.1_1685518_1685784,417,57.31
NC_054862.1_1696334_1696700,517,56.29
NC_054862.1_1747048_1746938,261,46.36
NC_054862.1_1749433_1749196,388,53.61
NC_054862.1_1759998_1759839,310,49.68
NC_054862.1_1829903_1830666,914,58.64
NC_054862.1_1866474_1865649,976,53.69
NC_054862.1_1921278_1921420,293,48.12
NC_054862.1_1925380_1925785,556,55.76
NC_054862.1_194719_195057,489,55.83
NC_054862.1_1957496_1956848,799,45.93
NC_054862.1_2150624_2150350,425,49.41
NC_054862.1_217562_217933,522,50.96
NC_054862.1_2190467_2190774,458,53.71
NC_054862.1_2260394_2260486,243,49.38
NC_054862.1_2311781_2311412,520,54.04
NC_054862.1_232325_232456,282,46.10
NC_054862.1_2324012_2323393,770,50.52
NC_054862.1_2334899_2335162,414,49.03
NC_054862.1_2343638_2343383,406,59.61
NC_054862.1_2347596_2348264,819,53.97
NC_054862.1_2368236_2368115,272,53.31
NC_054862.1_2387485_2387796,462,54.33
NC_054862.1_240348_240257,242,47.93
NC_054862.1_2457102_2456752,501,52.30
NC_054862.1_2478385_2477343,1193,55.24
NC_054862.1_2486502_2486207,446,52.24
NC_054862.1_2614101_2614269,319,49.84
NC_054862.1_2624209_2624365,307,52.44
NC_054862.1_2634991_2634898,244,52.87
NC_054862.1_2658415_2658013,553,52.44
NC_054862.1_2660075_2660306,382,50.00
NC_054862.1_2662768_2662639,280,45.00
NC_054862.1_2668778_2669579,952,52.31
NC_054862.1_2685929_2686236,458,52.18
NC_054862.1_2720980_2719807,1324,55.51
NC_054862.1_2727626_2728109,634,53.00
NC_054862.1_278937_279072,286,53.15
NC_054862.1_2888164_2887646,669,49.18
NC_054862.1_2916720_2915700,1171,55.59
NC_054862.1_2923423_2924606,1334,52.92
NC_054862.1_2980724_2980148,727,53.65
NC_054862.1_3004736_3004455,432,48.38
NC_054862.1_3073882_3073663,370,53.51
NC_054862.1_3081731_3082110,530,52.08
NC_054862.1_3097878_3097686,343,49.56
NC_054862.1_3116090_3115635,606,48.18
NC_054862.1_3116657_3116505,303,50.17
NC_054862.1_3118346_3117495,1002,53.19
NC_054862.1_3125122_3126106,1135,49.60
NC_054862.1_3142539_3142204,486,49.79
NC_054862.1_3213487_3213055,583,51.63
NC_054862.1_3261909_3261774,286,50.00
NC_054862.1_3281796_3281988,343,46.06
NC_054862.1_3289619_3290549,1081,54.76
NC_054862.1_3363517_3362695,973,54.37
NC_054862.1_33792_33489,454,51.10
NC_054862.1_3380108_3380345,388,50.00
NC_054862.1_3380391_3380689,449,47.22
NC_054862.1_3417389_3417249,291,47.77
NC_054862.1_3420996_3420819,328,49.09
NC_054862.1_3442739_3442950,362,55.25
NC_054862.1_3458003_3458199,347,48.99
NC_054862.1_3490763_3491604,992,54.33
NC_054862.1_3511482_3511905,574,47.74
NC_054862.1_3524945_3524786,310,49.68
NC_054862.1_3526968_3526640,479,54.91
NC_054862.1_3528953_3528765,339,53.10
NC_054862.1_3536056_3536355,450,51.33
NC_054862.1_355851_355616,386,54.66
NC_054862.1_3569171_3569455,435,55.86
NC_054862.1_3573655_3574356,852,47.42
NC_054862.1_3575132_3575035,248,51.61
NC_054862.1_3580312_3580150,313,44.09
NC_054862.1_408348_408176,323,45.51
NC_054862.1_410627_410963,487,56.67
NC_054862.1_420229_420500,422,53.79
NC_054862.1_424213_424106,258,40.70
NC_054862.1_424600_424302,449,49.67
NC_054862.1_446380_445757,774,52.71
NC_054862.1_484168_484012,307,48.53
NC_054862.1_48778_49129,502,55.38
NC_054862.1_504328_503950,529,51.98
NC_054862.1_537137_536931,357,48.18
NC_054862.1_538316_538202,265,45.66
NC_054862.1_701387_701232,306,48.69
NC_054862.1_713143_712966,328,48.48
NC_054862.1_71976_71872,255,49.80
NC_054862.1_742312_742393,232,50.43
NC_054862.1_743834_744007,324,57.10
NC_054862.1_770959_770836,274,52.55
NC_054862.1_875589_875750,312,44.23
NC_054862.1_889316_888802,665,51.43
NC_054862.1_896801_896673,279,48.39
NC_054862.1_940644_940402,393,52.93
NC_054862.1_955443_955932,640,49.69
NC_054862.1_969502_969321,332,50.00
NC_054862.1_989615_990377,913,52.35
NC_054863.1_1039890_1038818,1223,50.61
NC_054863.1_1046922_1046823,250,46.80
NC_054863.1_1064085_1063987,249,39.36
NC_054863.1_1098265_1098411,297,43.10
NC_054863.1_1102263_1102373,261,46.74
NC_054863.1_1214327_1214030,448,41.96
NC_054863.1_1264024_1264111,238,42.86
NC_054863.1_1268945_1268510,586,43.52
NC_054863.1_1274914_1274809,256,48.83
NC_054863.1_1306650_1306492,309,55.34
NC_054863.1_1309797_1309420,528,46.78
NC_054863.1_1327802_1327632,321,48.60
NC_054863.1_1369469_1369782,464,54.09
NC_054863.1_1373311_1372281,1181,58.26
NC_054863.1_1392264_1391435,980,54.69
NC_054863.1_1503031_1503277,397,57.18
NC_054863.1_1506683_1507215,683,52.12
NC_054863.1_1534348_1534552,355,46.20
NC_054863.1_1577012_1577804,943,54.29
NC_054863.1_1581762_1582269,658,48.18
NC_054863.1_1583720_1584778,1209,53.68
NC_054863.1_1594979_1594810,320,48.12
NC_054863.1_1598208_1598341,284,46.48
NC_054863.1_1598952_1599622,821,49.82
NC_054863.1_1602291_1602724,584,50.17
NC_054863.1_1649748_1650090,493,42.39
NC_054863.1_1653440_1653933,644,57.14
NC_054863.1_1676960_1675847,1264,56.65
NC_054863.1_1686303_1687344,1192,52.35
NC_054863.1_1696798_1697190,543,57.64
NC_054863.1_1709431_1709326,256,48.05
NC_054863.1_1712889_1712612,428,40.65
NC_054863.1_1759690_1759835,296,47.30
NC_054863.1_1878113_1877793,471,53.29
NC_054863.1_1888455_1888206,400,51.00
NC_054863.1_1958882_1959002,271,43.91
NC_054863.1_195970_196435,616,51.14
NC_054863.1_1968514_1968798,435,45.06
NC_054863.1_2048714_2048535,330,42.73
NC_054863.1_2052034_2051234,951,50.47
NC_054863.1_2073645_2073242,554,51.81
NC_054863.1_2091230_2092314,1235,53.68
NC_054863.1_2101127_2100838,440,50.00
NC_054863.1_2123177_2123090,238,46.22
NC_054863.1_218230_217829,552,50.36
NC_054863.1_2186340_2186057,434,45.85
NC_054863.1_220834_221211,528,49.05
NC_054863.1_223184_222427,908,50.55
NC_054863.1_225657_226156,650,50.31
NC_054863.1_2260539_2260385,305,47.87
NC_054863.1_2269410_2269537,278,44.60
NC_054863.1_227188_226978,361,47.09
NC_054863.1_2345695_2345548,298,50.34
NC_054863.1_2356704_2356951,398,49.50
NC_054863.1_237318_237557,390,52.56
NC_054863.1_2391948_2390823,1276,52.04
NC_054863.1_2403101_2402493,759,55.07
NC_054863.1_2511613_2511256,508,49.80
NC_054863.1_2559761_2559942,332,48.49
NC_054863.1_2562396_2561511,1036,50.39
NC_054863.1_2567235_2567481,397,46.35
NC_054863.1_2573220_2573734,665,50.08
NC_054863.1_2580986_2581573,738,52.98
NC_054863.1_2667166_2668232,1217,48.89
NC_054863.1_2749679_2749447,383,48.56
NC_054863.1_2819253_2819370,268,47.76
NC_054863.1_288527_288810,434,53.92
NC_054863.1_289005_289166,312,46.47
NC_054863.1_2891682_2891884,353,50.42
NC_054863.1_2900871_2901124,404,55.94
NC_054863.1_2912042_2912751,860,51.98
NC_054863.1_2935045_2935483,589,55.52
NC_054863.1_2949312_2949530,369,48.51
NC_054863.1_2961326_2961245,232,50.00
NC_054863.1_2966272_2966187,236,62.29
NC_054863.1_2984359_2984794,586,54.95
NC_054863.1_2995780_2996313,684,47.22
NC_054863.1_3017215_3017320,256,45.70
NC_054863.1_3040336_3040748,563,55.06
NC_054863.1_3052255_3052089,317,49.21
NC_054863.1_3078246_3078164,233,45.06
NC_054863.1_3079118_3078651,618,57.28
NC_054863.1_3141744_3142016,423,55.08
NC_054863.1_3142388_3142731,494,51.42
NC_054863.1_3167621_3167445,327,51.07
NC_054863.1_3168014_3167666,499,50.90
NC_054863.1_3222315_3222729,565,49.91
NC_054863.1_323995_322897,1249,55.32
NC_054863.1_344451_344263,339,57.52
NC_054863.1_347585_347818,384,47.40
NC_054863.1_368440_368358,233,41.63
NC_054863.1_370913_370413,651,55.91
NC_054863.1_467853_467451,553,54.97
NC_054863.1_497107_497638,682,50.59
NC_054863.1_552726_552555,322,45.96
NC_054863.1_559692_559098,745,56.91
NC_054863.1_583462_582913,700,49.86
NC_054863.1_587234_587325,242,49.59
NC_054863.1_60759_60960,352,50.57
NC_054863.1_652616_652785,320,53.44
NC_054863.1_684780_685586,957,50.68
NC_054863.1_693593_694201,759,50.46
NC_054863.1_773061_773258,348,54.02
NC_054863.1_777311_777404,244,50.82
NC_054863.1_78850_78657,344,54.07
NC_054863.1_829564_830353,940,51.49
NC_054863.1_840485_840328,308,52.60
NC_054863.1_872935_872479,607,45.47
NC_054863.1_87582_88659,1228,55.05
NC_054863.1_885199_885115,235,43.83
NC_054863.1_990231_990445,365,51.78
NC_054864.1_1008919_1009792,1024,47.17
NC_054864.1_1147932_1147710,373,45.04
NC_054864.1_1222863_1223039,327,51.07
NC_054864.1_1232608_1232734,277,45.13
NC_054864.1_1266354_1266206,299,43.14
NC_054864.1_1293710_1294337,778,60.80
NC_054864.1_1307843_1307747,247,50.20
NC_054864.1_1326915_1327431,667,47.08
NC_054864.1_1335894_1336114,371,48.52
NC_054864.1_1369715_1369538,328,50.61
NC_054864.1_1386947_1387203,407,55.04
NC_054864.1_1387250_1387421,322,52.80
NC_054864.1_1404381_1405082,852,52.46
NC_054864.1_1407219_1407045,325,42.77
NC_054864.1_1412431_1412311,271,44.65
NC_054864.1_142606_143443,988,49.49
NC_054864.1_1471579_1471788,360,52.50
NC_054864.1_1560580_1560224,507,50.10
NC_054864.1_1570557_1571017,611,47.46
NC_054864.1_1587538_1587321,368,43.75
NC_054864.1_1602994_1603339,496,50.00
NC_054864.1_164196_163667,680,50.59
NC_054864.1_1721388_1721711,474,49.16
NC_054864.1_1726543_1726900,508,53.74
NC_054864.1_1736645_1736735,241,39.42
NC_054864.1_1737817_1737733,235,46.38
NC_054864.1_174690_173899,942,52.23
NC_054864.1_179608_179501,258,46.90
NC_054864.1_1819317_1819456,290,49.31
NC_054864.1_1838081_1837767,465,42.80
NC_054864.1_1838280_1838130,301,38.54
NC_054864.1_1874273_1874461,339,52.21
NC_054864.1_1904851_1904987,287,46.34
NC_054864.1_1921855_1922344,640,57.97
NC_054864.1_1924178_1924424,397,49.87
NC_054864.1_2001228_2000763,616,47.56
NC_054864.1_2027904_2028316,563,55.42
NC_054864.1_2035554_2035758,355,54.08
NC_054864.1_2063317_2062809,659,52.96
NC_054864.1_2089100_2088579,672,54.46
NC_054864.1_2097980_2097783,348,50.00
NC_054864.1_2098595_2098508,238,50.00
NC_054864.1_2124311_2124215,247,46.56
NC_054864.1_2126272_2125696,727,48.42
NC_054864.1_2163337_2162338,1150,54.43
NC_054864.1_2238348_2238780,583,49.74
NC_054864.1_2253642_2253433,360,47.22
NC_054864.1_2282893_2282047,997,54.26
NC_054864.1_232115_232310,346,45.95
NC_054864.1_2342904_2342734,321,47.35
NC_054864.1_2371624_2371303,472,55.72
NC_054864.1_2386414_2386594,331,50.76
NC_054864.1_2417176_2417077,250,45.60
NC_054864.1_2418897_2418768,280,46.79
NC_054864.1_2468672_2468386,437,56.06
NC_054864.1_2484495_2484337,309,49.51
NC_054864.1_2497089_2497390,452,51.99
NC_054864.1_2505028_2504759,420,54.05
NC_054864.1_2513020_2513523,654,49.24
NC_054864.1_2538770_2538625,296,52.03
NC_054864.1_2569666_2569189,628,51.43
NC_054864.1_2571350_2570816,685,52.12
NC_054864.1_2646708_2646314,545,49.91
NC_054864.1_2657325_2657196,280,55.36
NC_054864.1_2659998_2660182,335,48.66
NC_054864.1_2697359_2697472,264,48.11
NC_054864.1_2720733_2721055,473,55.60
NC_054864.1_2730682_2730882,351,53.56
NC_054864.1_2740736_2739992,895,55.75
NC_054864.1_2750070_2749968,253,43.87
NC_054864.1_2762130_2761929,352,52.27
NC_054864.1_2784440_2785091,802,54.61
NC_054864.1_285157_284830,478,51.67
NC_054864.1_308909_308550,510,56.47
NC_054864.1_315410_315666,407,51.60
NC_054864.1_322118_323121,1154,54.25
NC_054864.1_32719_32468,402,49.50
NC_054864.1_419849_419693,307,47.56
NC_054864.1_436267_436987,871,47.42
NC_054864.1_459435_459631,347,54.18
NC_054864.1_533927_533538,540,56.67
NC_054864.1_544658_544067,742,54.72
NC_054864.1_551308_551466,309,57.61
NC_054864.1_561565_562499,1085,54.56
NC_054864.1_599740_599650,241,44.40
NC_054864.1_607225_608402,1328,53.16
NC_054864.1_611948_612872,1075,55.16
NC_054864.1_646891_647047,307,50.49
NC_054864.1_660904_661282,529,54.25
NC_054864.1_675055_675390,486,48.97
NC_054864.1_707245_707360,266,53.76
NC_054864.1_717603_717685,233,53.65
NC_054864.1_756808_756512,447,48.99
NC_054864.1_810791_810583,359,49.30
NC_054864.1_896222_895962,411,52.07
NC_054864.1_900105_900318,364,51.37
